Info,Microbe,Identifier,Replicate,Virus,Limitation,s1,s2,s3,s4,s5,s6,s7,s8,s9,s10,s11,s12,s13,s14,s15,s16,s17,s18,s19,s20,s21,s22,s23,s24,s25,s26,s27,s28,s29,s30,s31,s32,s33,s34,s35,s36,s37,s38,s39,s40,s41,s42,s43,s44,s45,s46,s47,s48,s49,s50,s51,s52,s53,s54,s55,s56,s57,s58,s59,s60,s61,s62,s63,s64,s65,s66,s67,s68,s69,s70,s71,s72,s73,s74,s75,s76,s77,s78,s79,s80,s81,s82,s83,s84,s85,s86,s87,s88,s92,s93,s94,s97,s98,s99,s100
time,NA,NA,NA,NA,NA,-125,-124,-118,-115,-112,-110,-108,-105,-103,-101,-98,-96,-89,-74,-68,-62,-55,-48,-46,-45,-41,-39,-34,-32,-27,-24,-19,-17,-13,-11,-6,0,2,4,7,9,11,14,16,18,21,23,25,28,30,32,35,37,39,42,44,46,49,51,53,56,58,60,63,65,67,70,72,74,77,79,81,84,86,88,91,93,95,98,100,102,105,107,109,112,114,117,119,121,125,129,131,135,144,146,149,156,158,160,166
i1,Syn,NL1,1,Control,N,623,341,866,499,916,1563,1308,1745,1426,615,660,127,42,3,321,593,461,262,301,278,136,295,247,47,148,194,73,142,183,100,221,312,103,86,92,306,399,289,85,62,108,74,80,102,116,567,201,194,284,253,398,393,428,201,220,137,194,271,844,171,89,211,634,522,646,487,531,582,608,689,273,468,485,394,415,460,383,532,718,530,619,310,434,371,425,780,272,785,432,381,448,869,57,291,516
i2,Syn,NL1,1,Control,N,449,455,788,196,877,1546,1253,1816,1397,825,822,177,19,90,298,245,355,235,270,309,185,303,248,56,111,228,185,214,212,124,204,377,69,68,127,330,456,286,152,77,119,64,31,108,129,564,121,236,237,305,329,411,396,281,203,147,207,274,835,206,108,235,609,539,706,520,558,552,622,686,299,454,518,434,447,464,393,527,758,545,603,280,371,410,383,746,300,762,533,356,338,905,106,214,447
i3,Syn,NL1,1,Control,N,533,342,874,563,879,1373,1855,1980,1223,454,736,230,40,29,196,228,463,366,251,232,145,251,258,34,103,280,277,121,177,65,223,183,91,98,101,377,477,294,113,82,90,64,41,127,131,612,148,255,161,286,372,429,421,276,249,141,202,260,822,256,90,227,599,571,700,500,569,563,570,621,328,480,481,457,440,451,395,509,820,504,599,273,496,355,444,790,349,780,506,427,377,911,98,193,426
i4,Syn,NL1,1,Control,N,800,326,867,659,775,1612,2078,1785,1530,1271,985,300,70,25,262,116,375,235,402,193,228,183,254,56,137,278,211,180,190,99,201,180,84,96,131,360,440,257,175,81,82,101,79,122,157,506,146,196,199,306,359,378,384,257,242,132,100,257,781,292,84,234,605,575,644,531,544,624,547,699,292,465,441,489,363,431,373,530,597,632,609,287,474,335,414,846,319,732,433,370,470,923,76,183,321
i5,Syn,NL1,1,Control,N,694,326,868,593,598,1368,1917,1514,1551,773,973,201,171,33,66,406,322,266,298,313,135,217,230,47,118,203,215,167,223,117,223,345,82,62,103,379,509,238,141,89,109,90,64,156,140,561,129,197,246,259,358,265,386,345,199,100,111,253,787,215,96,236,586,543,628,468,553,609,670,708,327,462,442,381,443,458,360,487,620,618,609,260,456,370,375,792,322,772,459,342,381,813,76,271,482
i6,Syn,NL1,1,Control,N,434,188,904,438,622,1483,1570,1742,1367,985,403,263,58,42,118,622,218,454,347,341,93,206,250,5,117,293,278,362,246,75,220,256,85,83,82,383,495,239,114,90,106,69,52,106,176,511,163,216,209,308,382,164,338,318,218,123,144,281,794,295,108,196,563,549,700,479,514,633,592,611,368,379,399,435,436,422,395,493,629,544,608,263,650,408,384,683,342,702,441,397,447,743,73,193,273
i7,Syn,NL1,1,Control,N,453,543,941,591,839,1155,1534,1750,1212,206,488,240,110,54,242,1014,348,413,300,189,122,224,175,38,137,445,207,112,171,21,221,986,73,88,74,388,455,287,118,87,126,88,81,132,160,582,167,227,241,289,401,398,427,342,222,144,95,291,869,277,110,205,556,489,624,460,529,577,588,608,382,440,466,459,420,455,393,483,655,620,559,260,459,538,374,854,329,751,455,381,442,773,116,170,506
i8,Syn,NL1,1,Control,N,931,406,839,803,697,1554,1215,1660,1329,43,254,207,62,34,103,202,435,295,285,168,156,245,288,130,167,378,114,243,111,54,226,352,64,87,41,397,201,203,76,88,109,88,65,127,154,575,192,219,225,289,397,444,374,263,240,117,87,295,863,299,99,244,578,509,596,434,593,544,528,620,352,381,423,430,412,433,426,492,573,492,596,270,541,547,468,813,300,837,507,386,445,422,83,227,611
i9,Syn,NL1,1,Control,N,1205,512,881,576,634,1549,1405,1660,1241,37,181,137,31,65,35,425,285,282,268,222,195,187,185,86,93,283,85,217,227,97,109,313,90,122,53,382,472,298,85,94,91,78,58,215,175,559,167,282,160,268,367,338,355,257,229,129,196,242,852,276,132,205,572,583,624,433,574,582,478,650,284,379,521,433,428,470,423,548,716,641,569,250,379,547,405,829,332,744,490,406,474,892,76,186,506
i10,Syn,NL1,1,Control,N,1103,494,863,593,753,1516,1987,1627,1578,217,537,155,68,66,342,164,134,455,333,279,175,119,147,56,152,238,83,107,318,104,185,519,94,98,89,384,323,259,128,101,94,82,102,120,179,511,154,291,220,175,381,356,386,280,195,112,203,309,768,192,119,157,572,540,605,507,558,700,537,665,309,338,490,390,390,457,445,489,689,592,634,293,509,409,435,750,354,774,450,371,501,1023,115,183,465
fvol,Syn,NL1,1,Control,N,50,50,5000,5000,5000,5000,4000,300,300,100,50,10,10,10,10,10,10,10,10,10,10,10,10,10,10,10,10,10,10,10,20,20,20,20,20,100,75,75,75,75,75,75,75,75,75,75,75,75,75,75,75,75,75,75,75,75,75,100,500,75,100,100,200,200,200,200,200,200,200,200,200,250,250,250,250,250,250,250,250,250,250,200,250,250,250,250,200,200,200,200,200,200,200,100,100
mag,Syn,NL1,1,Control,N,20,20,20,20,20,20,20,20,20,20,20,20,20,20,20,20,20,20,20,20,20,20,20,20,20,20,20,20,20,20,20,20,20,20,20,20,20,20,20,20,20,20,20,20,20,20,20,20,20,20,20,20,20,20,20,20,20,20,20,20,20,20,20,20,20,20,20,20,20,20,20,20,20,20,20,20,20,20,20,20,20,20,20,20,20,20,20,20,20,20,20,20,20,20,20
pres,Syn,NL1,1,Control,N,0,0,0,0,0,0,0,0,0,0,0,0,0,0,0,0,0,0,0,0,0,0,0,0,0,0,0,0,0,0,0,0,0,0,0,0,0,0,0,0,0,0,0,0,0,0,0,0,0,0,0,0,0,0,0,0,0,0,0,0,0,0,0,0,0,0,0,0,0,0,0,0,0,0,0,0,0,0,0,0,0,0,0,0,0,0,0,0,0,0,0,0.04,0.04,0.04,0
i1,Syn,NL2,2,Infect,N,1077,382,2918,1194,908,1357,1821,1611,667,1525,394,207,176,106,1265,312,244,205,527,393,170,267,219,242,440,263,177,54,71,88,176,102,97,106,113,73,144,61,23,280,102,123,250,642,457,393,238,843,466,714,135,168,263,161,261,271,726,940,2087,1220,1414,462,2089,1429,944,2302,1883,904,1549,1630,2320,844,339,1369,937,671,581,277,481,413,459,925,372,262,329,370,324,581,436,265,250,513,211,514,419
i2,Syn,NL2,2,Infect,N,894,475,3345,1673,868,1144,1706,1731,720,1208,390,198,135,72,781,241,334,257,418,453,177,139,224,212,634,130,270,91,92,61,167,75,106,100,93,75,107,56,89,257,104,70,231,536,583,589,343,1608,768,589,340,126,202,84,300,301,692,953,2126,1488,1252,783,1781,1494,1038,2276,1845,969,1972,1404,1000,785,720,1460,841,718,595,266,439,460,433,926,372,232,369,326,337,571,460,302,320,540,172,432,405
i3,Syn,NL2,2,Infect,N,993,404,4203,1701,1022,1106,1923,1851,812,1164,375,146,432,95,575,145,333,243,600,583,164,143,191,125,459,39,249,94,124,65,148,55,123,86,142,75,151,91,43,209,116,53,152,702,1034,421,547,810,802,303,102,97,297,75,267,330,854,935,1663,1418,1554,654,1807,1368,940,2016,1665,991,1857,1375,982,672,523,1538,1077,714,518,298,522,432,563,1021,366,253,409,353,316,617,428,310,289,826,195,436,435
i4,Syn,NL2,2,Infect,N,727,408,2946,2096,893,1210,1784,1983,892,1599,304,201,123,80,1324,403,259,377,508,312,190,127,191,71,340,115,379,84,182,34,46,60,114,87,157,101,133,48,11,132,173,83,171,712,944,617,599,885,409,539,97,125,224,96,301,341,770,887,1915,953,1293,799,1723,1340,977,2087,1672,951,1523,1354,1011,652,755,1550,805,657,485,293,446,308,312,861,408,235,335,401,334,600,455,291,230,599,185,469,448
i5,Syn,NL2,2,Infect,N,1121,479,1870,1859,877,1130,1198,1815,633,1871,304,225,502,78,1394,278,130,244,358,280,294,149,175,104,384,82,245,74,99,64,163,49,106,98,146,83,117,129,46,252,123,40,181,510,1347,618,583,1412,339,260,182,271,191,123,251,350,932,944,1836,1233,1128,601,1667,1215,1029,1910,1685,1085,1592,1345,1125,722,754,1411,817,615,407,299,520,348,315,528,381,272,343,407,324,690,426,263,238,271,221,451,442
i6,Syn,NL2,2,Infect,N,609,488,4097,2183,814,1242,1784,2022,512,1519,154,227,644,102,1439,224,142,240,262,248,172,175,212,235,382,82,232,34,145,67,178,72,103,103,180,90,114,178,9,283,209,24,191,631,1237,176,286,733,866,96,61,150,171,256,314,303,937,745,2128,1108,1253,695,1642,1077,1032,2296,1691,951,1190,1495,980,899,706,1299,937,542,368,288,277,385,465,640,394,248,403,369,339,592,375,278,325,332,220,458,374
i7,Syn,NL2,2,Infect,N,959,434,4296,1738,969,1692,2509,1772,725,1628,489,213,340,58,1249,253,203,262,329,151,249,148,250,145,439,228,213,49,140,38,201,101,91,107,172,98,123,134,51,177,249,40,352,941,980,704,555,1060,445,241,106,246,387,73,282,338,826,615,2063,1141,1260,537,1631,858,1064,2310,1505,879,1230,1492,1083,586,733,1099,728,507,424,245,327,411,410,764,342,225,350,302,345,584,431,275,252,386,157,439,445
i8,Syn,NL2,2,Infect,N,549,413,3625,1446,838,1324,1973,1988,748,812,271,160,536,96,1063,203,100,212,259,300,370,161,196,112,297,82,206,85,55,18,243,49,91,102,233,110,134,197,51,234,253,69,265,830,1169,821,364,1118,189,323,112,89,188,97,282,317,661,969,2209,1343,1055,321,1666,1364,1156,2093,1391,906,1501,1449,999,608,699,1299,856,706,458,227,531,452,460,850,390,204,371,372,289,646,342,294,238,464,201,497,326
i9,Syn,NL2,2,Infect,N,963,387,4315,1468,1039,1253,1708,2007,475,669,250,163,328,78,927,187,117,232,198,315,388,183,216,136,375,100,271,28,247,117,196,71,69,114,216,87,120,111,45,231,235,36,205,282,918,553,478,996,788,400,78,81,246,74,251,304,667,1063,2084,1258,1422,580,1646,1081,1082,1996,2057,1101,1836,1395,894,569,769,1024,1068,730,371,192,460,426,452,1034,368,254,331,402,293,502,452,287,261,480,140,496,451
i10,Syn,NL2,2,Infect,N,711,417,2758,1319,993,1311,1983,1683,703,534,384,171,409,63,875,170,312,192,486,446,305,131,199,339,373,91,112,109,227,116,213,69,80,104,146,87,51,129,30,267,309,129,229,534,389,804,446,1259,414,237,111,217,380,76,237,308,687,998,2058,1059,1210,406,1638,1294,1011,1729,2023,1187,1716,1150,748,531,610,952,589,718,352,179,419,453,433,596,400,271,380,340,248,597,405,315,254,441,192,520,467
fvol,Syn,NL2,2,Infect,N,50,50,5000,4000,3000,3000,4000,300,200,50,25,10,10,50,100,10,10,10,10,10,10,10,10,10,10,10,10,10,10,10,20,20,50,75,100,75,125,200,300,700,700,3500,5000,5000,4300,3700,3700,3700,3700,3700,3700,4100,4300,3900,3900,3900,4000,4000,4000,4000,3500,3000,2500,2000,1000,500,500,350,100,100,100,75,75,75,75,75,75,50,75,75,75,75,50,50,75,75,75,75,75,75,75,75,75,100,100
mag,Syn,NL2,2,Infect,N,20,20,20,20,20,20,20,20,20,20,20,20,20,20,20,20,20,20,20,20,20,20,20,20,20,20,20,20,20,20,20,20,20,20,20,20,20,20,20,20,20,20,20,20,20,20,20,20,20,20,20,20,20,20,20,20,20,20,20,20,20,20,20,20,20,20,20,20,20,20,20,20,20,20,20,20,20,20,20,20,20,20,20,20,20,20,20,20,20,20,20,20,20,20,20
pres,Syn,NL2,2,Infect,N,0,0,0,0,0,0,0,0,0,0,0,0,0,0,0,0,0,0,0,0,0,0,0,0,0,0,0,0,0,0,0,0,0,0,0,0,0,0,0,0,0,0,0,0,0,0,0,0,0,0,0,0,0,0,0,0,0,0,0,0,0,0,0,0,0,0,0,0,0,0,0,0,0,0,0,0,0,0,0,0,0,0,0,0,0,0,0,0,0,0,0,0.04,0.04,0.04,0
i1,Phage,NL2,2,Infect,N,NA,NA,NA,NA,NA,NA,NA,NA,NA,NA,NA,NA,NA,NA,NA,NA,NA,NA,NA,NA,NA,NA,NA,NA,NA,NA,NA,NA,NA,NA,NA,NA,3,718,3476,2880,2803,5841,3382,2646,2094,1272,386,508,750,382,1060,447,529,948,386,NA,450,187,141,406,1687,1733,385,157,157,30,10,17,337,1838,146,149,889,61,239,408,402,1371,453,504,352,426,744,1594,595,1580,1485,450,253,347,271,341,626,289,0,,,,
i2,Phage,NL2,2,Infect,N,NA,NA,NA,NA,NA,NA,NA,NA,NA,NA,NA,NA,NA,NA,NA,NA,NA,NA,NA,NA,NA,NA,NA,NA,NA,NA,NA,NA,NA,NA,NA,NA,94,1197,3080,2858,5704,5005,3537,2290,2900,1275,488,500,909,1131,1198,989,590,836,342,NA,700,210,87,457,1591,1952,641,51,51,151,6,21,749,2376,170,36,590,39,269,446,107,1717,416,512,3158,927,490,1504,849,1774,511,630,1719,322,356,353,442,358,333,,,,
i3,Phage,NL2,2,Infect,N,NA,NA,NA,NA,NA,NA,NA,NA,NA,NA,NA,NA,NA,NA,NA,NA,NA,NA,NA,NA,NA,NA,NA,NA,NA,NA,NA,NA,NA,NA,NA,NA,33,482,2382,2585,3799,4080,3305,2639,3262,1309,454,427,611,1137,1055,632,374,833,402,732,643,178,75,296,2397,1104,519,413,413,79,7,15,286,1620,218,188,168,33,217,490,878,1394,505,510,304,3774,2095,1625,935,1647,511,385,816,290,417,333,672,311,260,,,,
i4,Phage,NL2,2,Infect,N,NA,NA,NA,NA,NA,NA,NA,NA,NA,NA,NA,NA,NA,NA,NA,NA,NA,NA,NA,NA,NA,NA,NA,NA,NA,NA,NA,NA,NA,NA,NA,NA,6,1114,3010,2039,905,5613,3628,2478,3650,2069,337,532,883,1179,1074,585,511,904,437,702,708,237,125,431,1811,1058,416,391,391,146,3,8,757,4520,158,250,150,29,183,444,840,1414,498,550,265,1167,1021,1623,1051,2079,434,572,1739,325,385,331,656,309,346,,,,
i5,Phage,NL2,2,Infect,N,NA,NA,NA,NA,NA,NA,NA,NA,NA,NA,NA,NA,NA,NA,NA,NA,NA,NA,NA,NA,NA,NA,NA,NA,NA,NA,NA,NA,NA,NA,NA,NA,9,1643,2381,2367,1165,4801,3187,2692,3205,1353,424,485,910,1084,1042,401,362,901,444,735,694,133,113,477,1771,991,423,495,495,89,4,5,855,1126,183,25,100,76,242,532,783,1782,505,453,280,2191,535,0,682,1696,287,531,1042,442,390,349,519,4417,312,,,,
i6,Phage,NL2,2,Infect,N,NA,NA,NA,NA,NA,NA,NA,NA,NA,NA,NA,NA,NA,NA,NA,NA,NA,NA,NA,NA,NA,NA,NA,NA,NA,NA,NA,NA,NA,NA,NA,NA,12,842,3008,3349,2529,5798,2894,2750,3583,133,405,497,748,1111,813,588,518,830,462,369,721,161,122,513,1820,1022,533,0,0,212,5,11,1058,3457,159,57,138,24,256,527,571,1398,483,512,410,1731,908,1052,2192,1838,740,359,386,338,355,417,463,629,364,,,,
i7,Phage,NL2,2,Infect,N,NA,NA,NA,NA,NA,NA,NA,NA,NA,NA,NA,NA,NA,NA,NA,NA,NA,NA,NA,NA,NA,NA,NA,NA,NA,NA,NA,NA,NA,NA,NA,NA,62,1056,4739,2214,3342,4629,3577,2626,3664,1201,880,545,869,1097,836,648,376,1103,502,445,738,178,101,641,1720,997,376,304,304,141,10,7,1026,939,176,21,117,50,250,518,576,1555,484,463,559,2147,1013,2182,970,1864,561,726,358,392,349,433,556,335,3360,,,,
i8,Phage,NL2,2,Infect,N,NA,NA,NA,NA,NA,NA,NA,NA,NA,NA,NA,NA,NA,NA,NA,NA,NA,NA,NA,NA,NA,NA,NA,NA,NA,NA,NA,NA,NA,NA,NA,NA,5,928,2860,2560,3587,4857,3480,2664,3340,1251,380,524,942,930,760,901,427,966,466,522,520,126,156,461,1749,1206,451,2127,2127,170,27,4,1449,497,154,35,95,58,247,520,611,1513,460,497,589,1614,1043,1923,818,1596,789,704,341,388,387,358,478,337,852,,,,
i9,Phage,NL2,2,Infect,N,NA,NA,NA,NA,NA,NA,NA,NA,NA,NA,NA,NA,NA,NA,NA,NA,NA,NA,NA,NA,NA,NA,NA,NA,NA,NA,NA,NA,NA,NA,NA,NA,30,1171,5724,3051,3019,3329,3089,2514,3494,1281,374,462,762,1125,662,570,453,957,389,508,501,140,140,530,995,2866,381,198,198,174,12,25,5976,836,153,35,108,42,261,423,329,1459,577,501,345,929,904,1995,686,1399,665,406,2345,373,302,375,552,352,384,,,,
i10,Phage,NL2,2,Infect,N,NA,NA,NA,NA,NA,NA,NA,NA,NA,NA,NA,NA,NA,NA,NA,NA,NA,NA,NA,NA,NA,NA,NA,NA,NA,NA,NA,NA,NA,NA,NA,NA,12,556,3697,2940,1816,4334,2795,2681,3568,1199,186,479,908,1191,756,576,516,879,419,423,303,151,136,388,1433,875,474,3161,3161,136,12,9,187,1220,174,159,133,56,243,579,591,1429,471,478,294,3254,872,1506,1258,1727,630,710,399,348,889,349,554,313,417,,,,
fvol,Phage,NL2,2,Infect,N,NA,NA,NA,NA,NA,NA,NA,NA,NA,NA,NA,NA,NA,NA,NA,NA,NA,NA,NA,NA,NA,NA,NA,NA,NA,NA,NA,NA,NA,NA,NA,NA,1500,3500,4500,1500,1100,1000,680,700,700,400,400,400,400,400,400,400,400,500,500,500,600,500,500,700,700,1500,1200,700,700,700,800,1000,1200,1200,1200,800,1200,1400,1400,1500,1440,1400,1400,1200,1200,1200,1000,1000,700,700,500,500,500,500,500,500,500,500,500,,,,
mag,Phage,NL2,2,Infect,N,NA,NA,NA,NA,NA,NA,NA,NA,NA,NA,NA,NA,NA,NA,NA,NA,NA,NA,NA,NA,NA,NA,NA,NA,NA,NA,NA,NA,NA,NA,NA,NA,100,100,100,100,100,100,100,100,100,100,100,100,100,100,100,100,100,100,100,100,100,100,100,100,100,100,100,100,100,100,100,100,100,100,100,100,100,100,100,100,100,100,100,100,100,100,100,100,100,100,100,100,100,100,100,100,100,100,100,,,,
pres,Phage,NL2,2,Infect,N,NA,NA,NA,NA,NA,NA,NA,NA,NA,NA,NA,NA,NA,NA,NA,NA,NA,NA,NA,NA,NA,NA,NA,NA,NA,NA,NA,NA,NA,NA,NA,NA,0,0,0,0,0,0,0,0,0,0,0,0,0,0,0,0,0,0,0,0,0,0,0,0,0,0,0,0,0,0,0,0,0,0,0,0,0,0,0,0,0,0,0,0,0,0,0,0,0,0,0,0,0,0,0,0,0,0,0,,,,
i1,Syn,NL3,3,Infect,N,1078,363,1418,1177,1894,1317,1337,1418,830,957,1429,322,301,206,456,233,244,313,143,420,80,293,208,529,418,116,286,296,181,38,316,153,245,636,78,101,198,30,47,105,126,100,1991,2811,1452,535,520,54,223,292,209,609,405,661,892,598,1177,958,1543,1900,1299,1032,1540,1750,2162,2011,2138,1411,1842,1699,1185,877,655,866,1887,1776,666,721,380,235,547,597,413,333,236,243,837,587,581,716,489,301,508,485,676
i2,Syn,NL3,3,Infect,N,1745,576,2140,800,1700,1391,1566,1516,820,1413,1433,289,105,191,631,223,606,241,105,763,55,177,208,217,416,99,438,333,155,136,241,128,242,379,52,95,171,24,6,40,53,48,855,2510,1038,630,334,103,335,306,213,621,402,938,949,582,1236,1003,1461,1717,1264,946,1740,1842,2078,1907,2048,1601,2117,1805,1273,802,712,854,1941,1561,668,375,383,238,508,682,462,285,239,247,981,522,530,618,440,253,456,665,809
i3,Syn,NL3,3,Infect,N,1814,546,764,932,1638,916,1787,1571,857,971,1015,360,304,235,418,191,311,207,153,403,84,165,378,184,397,119,518,372,196,306,247,129,229,511,75,115,66,73,18,36,124,143,670,2175,949,377,570,405,233,425,230,432,655,784,867,612,1285,956,1406,1812,1239,273,1815,1890,2112,2032,1946,1645,1944,1637,1282,795,635,861,1875,1469,707,457,428,261,363,635,467,207,222,244,627,525,592,550,471,231,442,570,682
i4,Syn,NL3,3,Infect,N,1717,855,3132,1200,1695,793,1564,1418,792,1065,1005,368,248,309,239,211,617,138,192,160,95,414,261,250,360,174,296,436,151,125,410,145,217,441,129,86,133,6,33,91,96,34,708,2608,711,317,531,364,253,139,79,651,445,961,836,482,1172,959,1420,1982,1305,1027,1788,2020,2048,2035,1827,1251,1764,1667,1292,744,551,718,1823,1326,415,365,326,325,408,632,554,284,200,213,665,512,606,606,467,293,528,584,606
i5,Syn,NL3,3,Infect,N,1496,538,2722,789,1102,1998,2033,1423,735,1182,1475,300,164,240,474,226,485,512,202,309,80,226,205,209,378,172,438,436,180,513,434,146,230,453,49,23,73,12,50,61,130,70,1443,2157,1100,536,369,176,392,228,185,726,437,1022,895,679,1150,907,1435,1930,1346,1095,1795,2024,1814,2045,1694,1489,1487,1533,1193,690,555,789,1747,1821,617,353,325,162,416,672,454,194,196,238,698,517,616,559,519,195,556,603,731
i6,Syn,NL3,3,Infect,N,1380,471,573,943,1300,1533,1707,1168,821,1001,1149,209,81,202,348,247,381,615,151,148,116,153,280,160,453,67,1011,357,401,80,410,90,243,617,65,82,213,56,30,48,95,86,2072,2398,1302,308,919,178,285,251,173,680,245,1048,947,558,1177,916,1383,1882,1385,1064,1825,1893,1971,1901,1816,1353,1765,1523,1072,700,532,892,1403,1776,603,346,366,366,378,613,489,246,229,263,680,556,569,729,485,265,577,758,662
i7,Syn,NL3,3,Infect,N,842,450,905,1050,1021,1738,1176,1350,721,1291,1019,402,314,199,896,339,403,999,100,162,97,130,251,248,318,127,480,344,295,171,228,81,237,415,72,96,202,72,79,66,54,50,622,2497,763,311,360,260,303,348,208,580,384,984,885,575,1187,913,1412,1894,1404,969,1765,1784,1748,1837,1849,1233,1662,1434,926,742,484,951,1395,1527,503,285,414,210,379,476,511,321,192,220,788,544,585,615,486,288,449,541,715
i8,Syn,NL3,3,Infect,N,806,316,2806,607,1800,1463,1558,1303,798,1208,834,305,555,165,545,368,557,690,71,102,82,227,200,226,297,86,493,494,296,76,452,115,235,486,41,108,156,80,53,31,49,33,792,2294,949,395,168,166,179,266,234,452,724,912,952,589,1143,902,1402,1939,1397,912,1677,1688,1611,1717,1745,1165,1543,1439,840,626,479,791,1250,1448,615,354,403,335,312,653,481,284,222,225,633,579,519,582,488,361,581,724,855
i9,Syn,NL3,3,Infect,N,1207,409,2015,1200,1356,1838,1491,1210,705,943,794,349,87,278,448,197,493,249,158,172,69,155,185,212,442,129,440,281,264,179,296,111,196,488,53,80,98,106,14,96,128,56,752,2573,866,447,475,294,293,230,209,415,538,1011,1008,488,1066,869,1389,1950,1427,992,1689,1527,1494,1820,1712,1210,1483,1321,750,598,633,811,1157,1272,418,378,423,257,323,679,300,331,300,232,636,782,593,496,476,214,471,659,677
i10,Syn,NL3,3,Infect,N,1908,318,1937,1346,881,1452,1990,1273,709,483,930,315,180,133,337,600,180,251,165,485,53,131,221,319,457,93,770,88,199,182,277,106,208,389,90,116,95,41,19,119,64,66,1359,2939,962,449,759,332,373,419,222,511,621,1004,893,544,1182,967,1358,1914,1480,1058,1642,1453,1433,1650,1786,1111,1449,1298,1297,589,604,758,1863,1392,915,426,374,256,281,478,509,320,261,244,887,707,532,519,511,311,407,658,819
fvol,Syn,NL3,3,Infect,N,50,50,5000,4000,3000,2000,500,100,50,25,25,10,10,10,10,10,10,10,10,10,10,10,10,10,10,10,10,10,10,10,20,20,50,50,75,75,125,175,275,700,700,700,5000,5000,4300,3700,3700,3200,3200,3200,3200,3200,3200,2500,2000,1200,800,500,500,800,800,800,600,500,500,400,400,350,200,150,150,100,100,100,100,100,75,50,75,75,100,100,100,100,125,125,200,200,200,200,200,200,200,200,200
mag,Syn,NL3,3,Infect,N,20,20,20,20,20,20,20,20,20,20,20,20,20,20,20,20,20,20,20,20,20,20,20,20,20,20,20,20,20,20,20,20,20,20,20,20,20,20,20,20,20,20,20,20,20,20,20,20,20,20,20,20,20,20,20,20,20,20,20,20,20,20,20,20,20,20,20,20,20,20,20,20,20,20,20,20,20,20,20,20,20,20,20,20,20,20,20,20,20,20,20,20,20,20,20
pres,Syn,NL3,3,Infect,N,0,0,0,0,0,0,0,0,0,0,0,0,0,0,0,0,0,0,0,0,0,0,0,0,0,0,0,0,0,0,0,0,0,0,0,0,0,0,0,0,0,0,0,0,0,0,0,0,0,0,0,0,0,0,0,0,0,0,0,0,0,0,0,0,0,0,0,0,0,0,0,0,0,0,0,0,0,0,0,0,0,0,0,0,0,0,0,0,0,0,0,0.04,0.04,0.04,0
i1,Phage,NL3,3,Infect,N,NA,NA,NA,NA,NA,NA,NA,NA,NA,NA,NA,NA,NA,NA,NA,NA,NA,NA,NA,NA,NA,NA,NA,NA,NA,NA,NA,NA,NA,NA,NA,NA,50,500,5695,4525,6545,6324,5651,3948,5645,3182,928,1396,3283,2381,2644,1531,1835,1806,1022,1395,1292,643,554,734,506,1414,809,2342,2342,16,266,340,491,,263,249,120,295,257,376,466,899,773,474,368,8298,1819,1142,644,1170,357,375,679,510,404,535,952,129,545,,,,
i2,Phage,NL3,3,Infect,N,NA,NA,NA,NA,NA,NA,NA,NA,NA,NA,NA,NA,NA,NA,NA,NA,NA,NA,NA,NA,NA,NA,NA,NA,NA,NA,NA,NA,NA,NA,NA,NA,40,1232,3307,4388,5906,6370,5680,3586,5881,2912,910,1626,3226,2285,2609,1506,1791,1313,1061,1508,1232,1243,702,964,540,1726,811,0,0,247,410,281,377,136,475,226,166,313,480,278,44,739,755,489,667,1486,1211,973,761,887,399,497,695,514,470,538,1189,167,494,,,,
i3,Phage,NL3,3,Infect,N,NA,NA,NA,NA,NA,NA,NA,NA,NA,NA,NA,NA,NA,NA,NA,NA,NA,NA,NA,NA,NA,NA,NA,NA,NA,NA,NA,NA,NA,NA,NA,NA,21,426,2363,6357,6833,6876,5081,3979,5383,3094,861,1562,3360,2599,2536,1379,1441,1906,1189,1579,1259,895,627,1208,556,1484,834,0,0,12,438,312,492,164,353,172,212,247,731,127,31,905,720,555,688,1260,2192,903,744,1596,404,131,565,535,439,542,958,171,600,,,,
i4,Phage,NL3,3,Infect,N,NA,NA,NA,NA,NA,NA,NA,NA,NA,NA,NA,NA,NA,NA,NA,NA,NA,NA,NA,NA,NA,NA,NA,NA,NA,NA,NA,NA,NA,NA,NA,NA,10,321,3021,5706,5073,4704,4567,3151,3153,2751,807,1622,3287,2461,2224,1575,1651,1495,1182,1392,1374,739,523,1423,696,1428,790,137,137,14,508,348,595,223,362,265,153,306,607,416,497,511,735,533,369,735,1974,1035,608,953,429,265,551,414,402,536,922,178,597,,,,
i5,Phage,NL3,3,Infect,N,NA,NA,NA,NA,NA,NA,NA,NA,NA,NA,NA,NA,NA,NA,NA,NA,NA,NA,NA,NA,NA,NA,NA,NA,NA,NA,NA,NA,NA,NA,NA,NA,28,943,2243,5641,6621,5748,5061,3680,5449,3117,860,1538,3448,2548,2135,1495,1757,1985,1009,1664,1262,686,641,960,392,1483,793,966,966,11,526,505,770,5029,332,299,314,82,395,511,346,836,652,524,587,1117,1864,49,605,1273,834,356,607,423,428,552,1170,176,935,,,,
i6,Phage,NL3,3,Infect,N,NA,NA,NA,NA,NA,NA,NA,NA,NA,NA,NA,NA,NA,NA,NA,NA,NA,NA,NA,NA,NA,NA,NA,NA,NA,NA,NA,NA,NA,NA,NA,NA,21,825,5759,5075,4887,5692,5841,3584,5367,2881,949,883,3105,2323,2158,1552,1646,2124,1148,1750,1292,637,494,967,509,1577,897,127,127,14,575,740,509,42,351,222,300,455,578,429,107,832,835,544,587,2660,1940,0,379,1399,435,393,536,517,428,476,797,167,541,,,,
i7,Phage,NL3,3,Infect,N,NA,NA,NA,NA,NA,NA,NA,NA,NA,NA,NA,NA,NA,NA,NA,NA,NA,NA,NA,NA,NA,NA,NA,NA,NA,NA,NA,NA,NA,NA,NA,NA,52,1032,5130,5101,6782,5918,5991,3918,4794,2967,792,1663,3158,2124,2469,1624,1459,1561,900,1056,1240,535,525,851,534,1413,805,0,0,8,678,455,350,220,350,237,206,453,278,376,219,958,691,529,977,1972,1994,993,309,1976,352,363,525,376,369,680,929,172,736,,,,
i8,Phage,NL3,3,Infect,N,NA,NA,NA,NA,NA,NA,NA,NA,NA,NA,NA,NA,NA,NA,NA,NA,NA,NA,NA,NA,NA,NA,NA,NA,NA,NA,NA,NA,NA,NA,NA,NA,64,459,2579,5933,6132,4876,4870,4047,5340,2875,531,1503,2403,2604,2549,1656,1851,1748,929,1489,1237,697,530,944,470,1375,907,0,0,12,650,562,362,181,306,265,257,328,870,515,856,699,754,527,757,1515,1931,1849,594,1188,484,396,572,494,327,508,1021,317,928,,,,
i9,Phage,NL3,3,Infect,N,NA,NA,NA,NA,NA,NA,NA,NA,NA,NA,NA,NA,NA,NA,NA,NA,NA,NA,NA,NA,NA,NA,NA,NA,NA,NA,NA,NA,NA,NA,NA,NA,8,984,5270,5970,795,7452,5729,3488,5510,2981,672,1649,3090,2178,2365,1604,1175,1810,1493,1576,1429,630,513,985,559,1446,852,531,531,10,741,484,346,406,340,234,245,514,473,420,882,774,715,563,906,2415,2854,2622,702,1101,387,390,493,421,432,522,949,176,514,,,,
i10,Phage,NL3,3,Infect,N,NA,NA,NA,NA,NA,NA,NA,NA,NA,NA,NA,NA,NA,NA,NA,NA,NA,NA,NA,NA,NA,NA,NA,NA,NA,NA,NA,NA,NA,NA,NA,NA,5,1138,2273,5917,5299,5984,5415,4061,4304,3202,1377,1515,3370,2671,2586,1667,1883,2010,1164,1370,1491,598,644,933,631,1528,897,313,313,27,600,748,331,332,379,261,317,395,250,399,817,952,784,541,677,2243,1924,813,748,2033,580,840,413,455,428,547,1050,159,738,,,,
fvol,Phage,NL3,3,Infect,N,NA,NA,NA,NA,NA,NA,NA,NA,NA,NA,NA,NA,NA,NA,NA,NA,NA,NA,NA,NA,NA,NA,NA,NA,NA,NA,NA,NA,NA,NA,NA,NA,1500,3500,4500,1500,1100,1000,750,700,700,400,400,400,400,400,400,400,400,500,500,500,500,500,500,700,500,1500,1200,500,700,700,800,800,800,800,800,700,600,600,600,600,600,600,600,500,500,500,400,400,300,300,200,200,300,300,300,300,300,100,300,,,,
mag,Phage,NL3,3,Infect,N,NA,NA,NA,NA,NA,NA,NA,NA,NA,NA,NA,NA,NA,NA,NA,NA,NA,NA,NA,NA,NA,NA,NA,NA,NA,NA,NA,NA,NA,NA,NA,NA,100,100,100,100,100,100,100,100,100,100,100,100,100,100,100,100,100,100,100,100,100,100,100,100,100,100,100,100,100,100,100,100,100,100,100,100,100,100,100,100,100,100,100,100,100,100,100,100,100,100,100,100,100,100,100,100,100,100,100,,,,
pres,Phage,NL3,3,Infect,N,NA,NA,NA,NA,NA,NA,NA,NA,NA,NA,NA,NA,NA,NA,NA,NA,NA,NA,NA,NA,NA,NA,NA,NA,NA,NA,NA,NA,NA,NA,NA,NA,0,0,0,0,0,0,0,0,0,0,0,0,0,0,0,0,0,0,0,0,0,0,0,0,0,0,0,0,0,0,0,0,0,0,0,0,0,0,0,0,0,0,0,0,0,0,0,0,0,0,0,0,0,0,0,0,0,0,0,,,,
i1,Syn,NL4,4,Control,N,1208,508,1351,1325,944,1734,1769,2543,1925,2373,1082,670,902,264,69,NA,NA,NA,NA,NA,NA,NA,NA,NA,NA,NA,NA,NA,NA,NA,NA,NA,NA,NA,NA,NA,NA,NA,NA,NA,NA,NA,NA,NA,NA,NA,NA,NA,NA,NA,NA,NA,NA,NA,NA,NA,NA,NA,NA,NA,NA,NA,NA,NA,NA,NA,NA,NA,NA,NA,NA,NA,NA,NA,NA,NA,NA,NA,NA,NA,NA,NA,NA,NA,NA,NA,NA,NA,NA,NA,NA,,,,
i2,Syn,NL4,4,Control,N,827,624,1571,896,1022,1385,2236,2628,3060,1146,1559,721,1365,136,115,NA,NA,NA,NA,NA,NA,NA,NA,NA,NA,NA,NA,NA,NA,NA,NA,NA,NA,NA,NA,NA,NA,NA,NA,NA,NA,NA,NA,NA,NA,NA,NA,NA,NA,NA,NA,NA,NA,NA,NA,NA,NA,NA,NA,NA,NA,NA,NA,NA,NA,NA,NA,NA,NA,NA,NA,NA,NA,NA,NA,NA,NA,NA,NA,NA,NA,NA,NA,NA,NA,NA,NA,NA,NA,NA,NA,,,,
i3,Syn,NL4,4,Control,N,738,604,1509,1067,973,1840,1363,2564,1146,948,1272,668,666,201,114,NA,NA,NA,NA,NA,NA,NA,NA,NA,NA,NA,NA,NA,NA,NA,NA,NA,NA,NA,NA,NA,NA,NA,NA,NA,NA,NA,NA,NA,NA,NA,NA,NA,NA,NA,NA,NA,NA,NA,NA,NA,NA,NA,NA,NA,NA,NA,NA,NA,NA,NA,NA,NA,NA,NA,NA,NA,NA,NA,NA,NA,NA,NA,NA,NA,NA,NA,NA,NA,NA,NA,NA,NA,NA,NA,NA,,,,
i4,Syn,NL4,4,Control,N,1057,555,1573,661,1236,1859,1485,2531,1276,660,913,1189,860,57,65,NA,NA,NA,NA,NA,NA,NA,NA,NA,NA,NA,NA,NA,NA,NA,NA,NA,NA,NA,NA,NA,NA,NA,NA,NA,NA,NA,NA,NA,NA,NA,NA,NA,NA,NA,NA,NA,NA,NA,NA,NA,NA,NA,NA,NA,NA,NA,NA,NA,NA,NA,NA,NA,NA,NA,NA,NA,NA,NA,NA,NA,NA,NA,NA,NA,NA,NA,NA,NA,NA,NA,NA,NA,NA,NA,NA,,,,
i5,Syn,NL4,4,Control,N,991,523,1418,1001,887,1813,1878,2507,1107,975,858,1334,1039,45,66,NA,NA,NA,NA,NA,NA,NA,NA,NA,NA,NA,NA,NA,NA,NA,NA,NA,NA,NA,NA,NA,NA,NA,NA,NA,NA,NA,NA,NA,NA,NA,NA,NA,NA,NA,NA,NA,NA,NA,NA,NA,NA,NA,NA,NA,NA,NA,NA,NA,NA,NA,NA,NA,NA,NA,NA,NA,NA,NA,NA,NA,NA,NA,NA,NA,NA,NA,NA,NA,NA,NA,NA,NA,NA,NA,NA,,,,
i6,Syn,NL4,4,Control,N,1019,561,1633,800,989,1673,2567,2390,1081,785,694,623,1470,127,36,NA,NA,NA,NA,NA,NA,NA,NA,NA,NA,NA,NA,NA,NA,NA,NA,NA,NA,NA,NA,NA,NA,NA,NA,NA,NA,NA,NA,NA,NA,NA,NA,NA,NA,NA,NA,NA,NA,NA,NA,NA,NA,NA,NA,NA,NA,NA,NA,NA,NA,NA,NA,NA,NA,NA,NA,NA,NA,NA,NA,NA,NA,NA,NA,NA,NA,NA,NA,NA,NA,NA,NA,NA,NA,NA,NA,,,,
i7,Syn,NL4,4,Control,N,1236,465,1396,967,931,1519,1900,2212,994,674,1303,761,1263,106,102,NA,NA,NA,NA,NA,NA,NA,NA,NA,NA,NA,NA,NA,NA,NA,NA,NA,NA,NA,NA,NA,NA,NA,NA,NA,NA,NA,NA,NA,NA,NA,NA,NA,NA,NA,NA,NA,NA,NA,NA,NA,NA,NA,NA,NA,NA,NA,NA,NA,NA,NA,NA,NA,NA,NA,NA,NA,NA,NA,NA,NA,NA,NA,NA,NA,NA,NA,NA,NA,NA,NA,NA,NA,NA,NA,NA,,,,
i8,Syn,NL4,4,Control,N,1042,402,1090,1084,1016,1664,2149,2188,1294,672,1282,929,986,81,86,NA,NA,NA,NA,NA,NA,NA,NA,NA,NA,NA,NA,NA,NA,NA,NA,NA,NA,NA,NA,NA,NA,NA,NA,NA,NA,NA,NA,NA,NA,NA,NA,NA,NA,NA,NA,NA,NA,NA,NA,NA,NA,NA,NA,NA,NA,NA,NA,NA,NA,NA,NA,NA,NA,NA,NA,NA,NA,NA,NA,NA,NA,NA,NA,NA,NA,NA,NA,NA,NA,NA,NA,NA,NA,NA,NA,,,,
i9,Syn,NL4,4,Control,N,1134,655,1376,1223,1049,1368,2299,2024,1686,709,1225,547,856,285,67,NA,NA,NA,NA,NA,NA,NA,NA,NA,NA,NA,NA,NA,NA,NA,NA,NA,NA,NA,NA,NA,NA,NA,NA,NA,NA,NA,NA,NA,NA,NA,NA,NA,NA,NA,NA,NA,NA,NA,NA,NA,NA,NA,NA,NA,NA,NA,NA,NA,NA,NA,NA,NA,NA,NA,NA,NA,NA,NA,NA,NA,NA,NA,NA,NA,NA,NA,NA,NA,NA,NA,NA,NA,NA,NA,NA,,,,
i10,Syn,NL4,4,Control,N,927,588,1208,1068,1003,1626,1983,2270,1488,810,1182,841,969,207,63,NA,NA,NA,NA,NA,NA,NA,NA,NA,NA,NA,NA,NA,NA,NA,NA,NA,NA,NA,NA,NA,NA,NA,NA,NA,NA,NA,NA,NA,NA,NA,NA,NA,NA,NA,NA,NA,NA,NA,NA,NA,NA,NA,NA,NA,NA,NA,NA,NA,NA,NA,NA,NA,NA,NA,NA,NA,NA,NA,NA,NA,NA,NA,NA,NA,NA,NA,NA,NA,NA,NA,NA,NA,NA,NA,NA,,,,
fvol,Syn,NL4,4,Control,N,50,50,5000,4000,3000,3000,4000,300,200,100,50,10,10,20,30,NA,NA,NA,NA,NA,NA,NA,NA,NA,NA,NA,NA,NA,NA,NA,NA,NA,NA,NA,NA,NA,NA,NA,NA,NA,NA,NA,NA,NA,NA,NA,NA,NA,NA,NA,NA,NA,NA,NA,NA,NA,NA,NA,NA,NA,NA,NA,NA,NA,NA,NA,NA,NA,NA,NA,NA,NA,NA,NA,NA,NA,NA,NA,NA,NA,NA,NA,NA,NA,NA,NA,NA,NA,NA,NA,NA,,,,
mag,Syn,NL4,4,Control,N,20,20,20,20,20,20,20,20,20,20,20,20,20,20,20,NA,NA,NA,NA,NA,NA,NA,NA,NA,NA,NA,NA,NA,NA,NA,NA,NA,NA,NA,NA,NA,NA,NA,NA,NA,NA,NA,NA,NA,NA,NA,NA,NA,NA,NA,NA,NA,NA,NA,NA,NA,NA,NA,NA,NA,NA,NA,NA,NA,NA,NA,NA,NA,NA,NA,NA,NA,NA,NA,NA,NA,NA,NA,NA,NA,NA,NA,NA,NA,NA,NA,NA,NA,NA,NA,NA,,,,
pres,Syn,NL4,4,Control,N,0,0,0,0,0,0,0,0,0,0,0,0,0,0,0,NA,NA,NA,NA,NA,NA,NA,NA,NA,NA,NA,NA,NA,NA,NA,NA,NA,NA,NA,NA,NA,NA,NA,NA,NA,NA,NA,NA,NA,NA,NA,NA,NA,NA,NA,NA,NA,NA,NA,NA,NA,NA,NA,NA,NA,NA,NA,NA,NA,NA,NA,NA,NA,NA,NA,NA,NA,NA,NA,NA,NA,NA,NA,NA,NA,NA,NA,NA,NA,NA,NA,NA,NA,NA,NA,NA,,,,
i1,Syn,NL5,5,Infect,N,1032,477,696,1009,872,2296,2264,1587,1066,1329,1647,326,98,48,72,138,192,226,116,687,48,330,529,134,905,291,304,369,174,95,53,88,204,167,286,48,50,101,23,197,75,102,798,1056,872,155,183,157,83,162,87,328,1129,1186,416,1237,2013,1426,1824,1588,1132,1617,1724,2516,1829,2160,1654,1944,1807,1722,1205,713,499,1592,435,661,212,116,157,104,313,585,519,1082,221,360,479,432,873,324,746,614,1144,,2743
i2,Syn,NL5,5,Infect,N,1189,454,746,766,795,2214,2324,1598,1065,1033,1693,282,270,43,67,261,203,204,103,774,39,118,217,159,581,386,363,434,199,68,186,124,185,117,165,47,66,44,26,131,136,122,637,1009,736,380,213,59,85,121,150,326,1217,1001,389,1397,1891,1574,1920,777,985,1589,1620,2299,1913,2157,1720,1602,1707,1833,1204,754,420,1561,525,357,190,124,143,113,293,712,191,1266,258,347,682,411,971,335,840,629,1165,,2846
i3,Syn,NL5,5,Infect,N,1573,484,897,626,701,1995,1888,1791,1140,819,1617,291,254,103,73,184,248,215,193,751,47,227,184,254,512,388,260,524,174,89,126,112,255,128,372,72,65,68,25,200,112,102,653,1185,898,285,268,164,36,168,192,337,1147,997,349,1382,1913,1524,2004,1771,1194,1677,1527,2201,1888,1864,1648,1298,1800,1769,1174,735,394,1044,328,353,193,94,152,97,352,704,449,1104,239,326,595,560,924,339,853,629,1120,,2023
i4,Syn,NL5,5,Infect,N,740,523,853,792,917,2211,1659,1726,1000,1020,1903,205,214,61,81,324,309,249,117,471,101,219,250,196,343,567,228,494,417,136,209,145,306,155,216,59,72,145,36,214,130,73,931,1200,839,123,214,311,69,102,126,317,1133,903,395,1336,1817,1352,1983,1768,1217,1745,1443,2050,1670,2058,1592,1478,1551,1701,1112,662,447,1115,376,325,180,95,132,110,318,668,400,1031,226,304,651,447,921,346,783,546,921,,3227
i5,Syn,NL5,5,Infect,N,870,548,1060,713,741,2193,2022,1850,1052,1106,1655,192,78,18,59,302,177,264,196,294,93,83,209,110,859,352,254,674,191,260,219,99,248,147,121,72,67,20,34,173,102,57,738,1183,431,244,151,100,71,40,148,353,1239,952,392,1340,1835,1357,1948,1914,1182,1684,1288,1923,1386,1985,1603,1544,1450,1713,1103,741,427,1286,424,357,174,89,169,101,339,753,468,1330,220,310,589,568,870,319,752,590,1114,,3076
i6,Syn,NL5,5,Infect,N,870,558,1230,711,953,2267,1762,1684,1028,908,1341,268,115,73,59,602,204,186,82,448,128,163,160,191,564,796,197,506,265,159,70,156,229,149,219,74,21,69,34,169,61,77,683,884,619,89,219,158,123,117,194,325,1133,871,292,1084,1866,1343,1930,1702,1390,1953,1582,1790,1957,2037,1438,1576,1814,1491,1102,812,402,1384,470,330,165,108,129,97,201,755,565,1304,264,301,634,467,981,325,701,522,1173,,2273
i7,Syn,NL5,5,Infect,N,667,798,791,746,782,2197,1910,1683,1086,863,1231,230,152,28,89,265,67,235,166,306,157,88,248,169,201,539,233,499,160,239,71,283,260,142,75,75,80,4,24,225,47,121,501,1051,606,322,234,86,57,133,178,360,1049,1027,398,1121,1799,1301,1917,1772,1379,1903,1515,1752,1862,2034,1584,1437,1764,1717,1135,701,407,1074,528,337,176,123,163,112,312,734,450,1113,230,309,601,463,877,292,733,482,1063,,3170
i8,Syn,NL5,5,Infect,N,735,445,752,734,991,2119,1946,1625,845,821,1298,137,104,24,77,385,253,181,121,585,457,110,226,156,500,692,381,718,130,161,69,186,234,113,383,52,56,97,29,187,123,107,240,1106,710,230,272,83,77,231,161,331,1240,954,364,1416,1673,1342,1891,1788,1260,1811,1304,1880,1712,1917,1558,1513,1781,1727,958,614,361,1106,533,294,140,92,161,91,346,724,565,839,213,284,535,420,928,355,781,626,1363,,2905
i9,Syn,NL5,5,Infect,N,806,431,835,732,891,1983,1888,1571,830,553,190,118,109,32,45,446,186,159,97,745,200,288,212,122,546,314,345,328,177,229,34,162,246,136,365,59,56,140,32,213,97,87,516,923,870,332,277,81,62,177,162,321,1073,1237,440,1356,1577,1533,1870,851,1405,1742,1301,1824,1752,1901,1468,1226,1639,1585,931,593,363,1083,427,316,152,97,132,112,331,736,450,1358,197,288,528,415,1184,351,748,618,1092,,3192
i10,Syn,NL5,5,Infect,N,856,385,950,697,721,1834,1999,1525,894,744,904,219,136,219,127,286,43,201,142,647,231,106,319,116,319,195,275,210,260,267,128,96,200,140,385,58,33,61,28,162,127,113,567,981,707,100,174,104,102,171,163,323,1035,989,396,1098,1563,1577,1830,1415,1366,1587,1470,1769,1319,1991,1342,1389,1478,1582,961,694,342,1233,458,358,192,106,135,130,383,659,434,1088,232,321,556,422,1025,473,797,611,1049,,2417
fvol,Syn,NL5,5,Infect,N,50,50,5000,5000,5000,5000,4000,300,200,100,50,10,10,10,10,10,10,10,10,10,10,10,10,10,10,10,10,10,10,10,20,20,50,75,75,75,125,200,300,700,700,3500,5000,5000,4300,3700,3700,3200,3200,3200,3200,3200,3200,2500,2000,1200,800,500,500,800,800,700,600,500,500,400,400,400,200,150,150,100,100,100,100,100,100,100,150,150,300,300,300,300,100,200,250,250,250,100,100,25,200,,75
mag,Syn,NL5,5,Infect,N,20,20,20,20,20,20,20,20,20,20,20,20,20,20,20,20,20,20,20,20,20,20,20,20,20,20,20,20,20,20,20,20,20,20,20,20,20,20,20,20,20,20,20,20,20,20,20,20,20,20,20,20,20,20,20,20,20,20,20,20,20,20,20,20,20,20,20,20,20,20,20,20,20,20,20,20,20,20,20,20,20,20,20,20,20,20,20,20,20,20,20,20,20,,20
pres,Syn,NL5,5,Infect,N,0,0,0,0,0,0,0,0,0,0,0,0,0,0,0,0,0,0,0,0,0,0,0,0,0,0,0,0,0,0,0,0,0,0,0,0,0,0,0,0,0,0,0,0,0,0,0,0,0,0,0,0,0,0,0,0,0,0,0,0,0,0,0,0,0,0,0,0,0,0,0,0,0,0,0,0,0,0,0,0,0,0,0,0,0,0,0,0,0,0,0,0.04,0.04,,0
i1,Phage,NL5,5,Infect,N,NA,NA,NA,NA,NA,NA,NA,NA,NA,NA,NA,NA,NA,NA,NA,NA,NA,NA,NA,NA,NA,NA,NA,NA,NA,NA,NA,NA,NA,NA,NA,NA,5,895,2910,6487,5232,7196,5316,5989,5054,2976,1199,2297,3592,2843,2960,1700,1837,2805,1632,1944,1264,1073,712,1694,266,1047,721,443,443,154,708,165,770,656,687,174,629,466,575,472,279,475,621,497,2482,1944,1076,370,381,1041,532,528,519,614,455,389,1028,188,409,,,,
i2,Phage,NL5,5,Infect,N,NA,NA,NA,NA,NA,NA,NA,NA,NA,NA,NA,NA,NA,NA,NA,NA,NA,NA,NA,NA,NA,NA,NA,NA,NA,NA,NA,NA,NA,NA,NA,NA,80,961,3231,5768,5042,7005,6009,5570,5835,3089,1251,2789,3677,3132,2923,1773,1796,2648,1668,1942,1144,1549,534,2612,587,1247,599,379,379,927,654,189,840,518,659,749,634,443,474,463,289,467,666,417,1029,1833,1541,663,492,1188,552,726,406,709,410,504,869,235,388,,,,
i3,Phage,NL5,5,Infect,N,NA,NA,NA,NA,NA,NA,NA,NA,NA,NA,NA,NA,NA,NA,NA,NA,NA,NA,NA,NA,NA,NA,NA,NA,NA,NA,NA,NA,NA,NA,NA,NA,20,1326,3034,6573,4537,5214,5630,5655,4521,3208,1271,2531,3673,3172,2908,1711,1978,2315,1394,1817,1297,2356,564,2181,447,1223,570,518,518,127,1093,249,744,664,643,494,455,656,397,472,1840,958,716,433,1485,1839,595,537,374,861,455,587,442,619,436,628,1297,186,389,,,,
i4,Phage,NL5,5,Infect,N,NA,NA,NA,NA,NA,NA,NA,NA,NA,NA,NA,NA,NA,NA,NA,NA,NA,NA,NA,NA,NA,NA,NA,NA,NA,NA,NA,NA,NA,NA,NA,NA,15,723,3650,6779,5733,5444,5526,4699,4314,3315,1202,2787,3452,3018,2704,1665,1613,2798,1438,1811,1363,991,748,1938,346,1107,577,435,435,96,1074,332,704,1301,688,825,534,743,399,452,3325,533,561,414,1220,1846,1387,416,592,457,607,631,461,559,442,479,988,253,406,,,,
i5,Phage,NL5,5,Infect,N,NA,NA,NA,NA,NA,NA,NA,NA,NA,NA,NA,NA,NA,NA,NA,NA,NA,NA,NA,NA,NA,NA,NA,NA,NA,NA,NA,NA,NA,NA,NA,NA,10,824,2890,7053,6308,6902,4286,5504,4148,3319,1367,2413,3028,3114,2840,1732,2155,2766,1553,2037,1185,1267,703,1893,528,957,731,275,275,105,989,604,677,722,591,435,442,435,452,440,1753,608,590,409,1291,1816,1194,448,337,580,622,429,499,553,491,510,1092,197,483,,,,
i6,Phage,NL5,5,Infect,N,NA,NA,NA,NA,NA,NA,NA,NA,NA,NA,NA,NA,NA,NA,NA,NA,NA,NA,NA,NA,NA,NA,NA,NA,NA,NA,NA,NA,NA,NA,NA,NA,46,1007,2798,6658,3726,3964,4352,4827,4339,3173,1079,2642,3444,2948,2247,1777,1995,2351,1335,1946,1418,1984,738,2447,392,971,591,334,334,99,590,630,706,572,611,541,481,317,417,471,295,591,741,465,461,2494,1063,981,427,730,458,1179,458,594,494,559,1145,162,501,,,,
i7,Phage,NL5,5,Infect,N,NA,NA,NA,NA,NA,NA,NA,NA,NA,NA,NA,NA,NA,NA,NA,NA,NA,NA,NA,NA,NA,NA,NA,NA,NA,NA,NA,NA,NA,NA,NA,NA,62,987,3007,7074,5851,6572,4291,5922,4262,3422,1104,2881,3582,3007,2898,1692,1766,2649,1404,1866,1307,1347,704,2270,383,1215,547,263,263,163,953,1078,854,758,591,385,361,209,330,523,302,656,708,389,1239,2660,955,516,344,554,464,548,469,540,385,500,1044,165,453,,,,
i8,Phage,NL5,5,Infect,N,NA,NA,NA,NA,NA,NA,NA,NA,NA,NA,NA,NA,NA,NA,NA,NA,NA,NA,NA,NA,NA,NA,NA,NA,NA,NA,NA,NA,NA,NA,NA,NA,20,764,3261,6091,4488,7328,5386,5304,6136,3440,788,2721,3072,2947,2893,1660,1731,2309,1538,1928,1347,1862,675,1910,418,967,612,439,439,185,1067,1769,743,755,613,260,359,420,428,456,309,1113,662,513,829,1733,1452,402,371,396,612,1247,544,524,354,513,1010,145,415,,,,
i9,Phage,NL5,5,Infect,N,NA,NA,NA,NA,NA,NA,NA,NA,NA,NA,NA,NA,NA,NA,NA,NA,NA,NA,NA,NA,NA,NA,NA,NA,NA,NA,NA,NA,NA,NA,NA,NA,10,1131,2986,6712,4727,5874,4366,4920,5573,3138,1217,2832,3774,2886,2281,1790,2310,2450,1474,1911,927,1420,660,1684,402,825,613,443,443,216,1166,809,842,586,598,385,441,305,420,481,272,1045,822,419,1439,1875,751,451,67,628,743,447,392,539,438,498,1015,164,694,,,,
i10,Phage,NL5,5,Infect,N,NA,NA,NA,NA,NA,NA,NA,NA,NA,NA,NA,NA,NA,NA,NA,NA,NA,NA,NA,NA,NA,NA,NA,NA,NA,NA,NA,NA,NA,NA,NA,NA,23,752,2805,5267,4577,3628,4789,5638,5279,3416,1252,2798,3440,2984,2942,1635,1695,2859,1562,1709,1164,1356,780,1530,653,981,615,406,406,123,1016,494,703,708,615,479,462,416,420,264,304,811,635,380,1233,1930,1605,504,331,601,,664,452,529,418,523,987,171,650,,,,
fvol,Phage,NL5,5,Infect,N,NA,NA,NA,NA,NA,NA,NA,NA,NA,NA,NA,NA,NA,NA,NA,NA,NA,NA,NA,NA,NA,NA,NA,NA,NA,NA,NA,NA,NA,NA,NA,NA,1500,3500,4500,1500,1100,1000,750,700,700,400,400,400,400,400,400,400,400,500,500,500,500,500,500,700,700,1500,1200,700,700,700,700,700,700,700,700,650,600,600,600,600,600,600,600,500,500,500,400,400,400,400,400,400,400,400,400,400,400,75,150,,,,
mag,Phage,NL5,5,Infect,N,NA,NA,NA,NA,NA,NA,NA,NA,NA,NA,NA,NA,NA,NA,NA,NA,NA,NA,NA,NA,NA,NA,NA,NA,NA,NA,NA,NA,NA,NA,NA,NA,100,100,100,100,100,100,100,100,100,100,100,100,100,100,100,100,100,100,100,100,100,100,100,100,100,100,100,100,100,100,100,100,100,100,100,100,100,100,100,100,100,100,100,100,100,100,100,100,100,100,100,100,100,100,100,100,100,100,100,,,,
pres,Phage,NL5,5,Infect,N,NA,NA,NA,NA,NA,NA,NA,NA,NA,NA,NA,NA,NA,NA,NA,NA,NA,NA,NA,NA,NA,NA,NA,NA,NA,NA,NA,NA,NA,NA,NA,NA,0,0,0,0,0,0,0,0,0,0,0,0,0,0,0,0,0,0,0,0,0,0,0,0,0,0,0,0,0,0,0,0,0,0,0,0,0,0,0,0,0,0,0,0,0,0,0,0,0,0,0,0,0,0,0,0,0,0,0,,,,
i1,Syn,PL1,1,Control,P,587,725,3433,1659,1045,634,712,1974,1442,1368,1428,357,168,369,258,82,206,193,195,75,61,12,385,113,187,206,396,309,75,15,111,174,72,111,44,230,680,471,530,270,307,389,340,687,423,287,364,467,334,284,365,421,259,539,665,694,497,318,994,313,647,171,448,1323,393,563,717,1528,1297,1117,777,664,1027,1047,1129,1279,584,254,340,426,670,537,605,552,461,264,658,893,1088,770,772,472,964,744,637
i2,Syn,PL1,1,Control,P,700,805,2704,2707,1077,884,704,2006,1285,1769,1634,495,285,138,261,482,282,211,70,41,37,43,317,225,143,132,510,102,51,18,74,282,66,97,26,222,636,450,508,321,306,328,710,600,413,377,398,476,346,286,410,417,244,499,761,602,437,324,1056,225,867,183,420,1271,376,582,698,1496,1231,1128,772,653,1179,1135,1171,1305,584,279,349,467,636,557,645,520,431,272,523,1003,947,746,620,516,862,841,695
i3,Syn,PL1,1,Control,P,827,831,1568,2561,1042,768,653,1953,1308,1567,1058,413,110,234,255,309,200,167,180,122,38,57,241,160,129,48,206,69,50,17,88,264,101,71,33,229,692,494,474,291,227,388,807,595,283,373,442,437,335,324,369,447,293,473,664,619,432,323,1046,240,654,168,408,1227,436,604,634,1673,1285,930,758,550,1170,1063,996,1204,562,298,308,510,621,409,599,564,421,267,590,887,984,768,741,508,832,685,663
i4,Syn,PL1,1,Control,P,781,716,3639,2021,972,733,668,1502,1397,1552,1600,461,103,284,299,363,169,184,266,85,40,51,221,170,183,134,327,18,59,64,93,260,106,79,38,254,483,475,548,271,257,486,808,613,471,316,365,416,332,319,402,455,252,539,652,659,375,334,878,249,646,177,451,1227,415,598,582,1647,1371,915,733,680,1243,1021,914,1116,662,245,368,442,610,449,798,454,421,238,646,869,1007,784,602,518,876,773,594
i5,Syn,PL1,1,Control,P,879,648,2117,2223,1098,650,468,2160,1349,1342,1044,457,518,194,202,277,230,187,140,287,30,41,191,110,257,88,268,5,92,88,86,191,62,87,30,202,674,440,405,271,335,420,798,661,399,309,312,377,201,282,385,373,134,461,737,558,268,294,950,328,673,184,374,1103,390,552,687,1553,1423,961,708,679,1174,1032,990,1202,513,558,306,512,552,433,703,499,421,268,558,913,998,801,658,435,588,929,618
i6,Syn,PL1,1,Control,P,914,570,2610,2094,1056,552,328,1960,1183,1717,1673,461,238,138,294,243,209,260,179,288,37,44,178,130,305,67,350,138,79,84,124,258,90,66,50,262,743,364,428,252,328,510,724,636,334,345,390,403,165,324,323,425,267,293,611,588,256,349,935,286,674,176,429,1296,404,589,635,1633,1160,989,846,702,1132,833,925,1206,561,322,291,382,531,549,848,551,409,256,587,885,936,799,626,480,759,835,600
i7,Syn,PL1,1,Control,P,933,558,1841,1849,1280,684,384,1956,1376,1722,1283,301,198,322,281,415,253,195,48,240,50,37,205,121,203,50,138,226,74,62,114,243,90,77,39,205,716,468,491,306,366,511,462,596,388,273,334,429,251,294,409,406,267,502,487,611,271,331,862,271,718,164,378,1269,331,623,731,1592,1335,776,807,486,1144,1150,936,1198,597,294,361,367,554,554,702,461,375,302,703,846,1004,739,688,502,607,894,662
i8,Syn,PL1,1,Control,P,974,560,1489,2574,1106,677,566,1845,1294,1413,1423,488,215,228,252,267,260,286,175,57,32,37,190,134,327,67,335,127,72,96,72,99,38,68,33,158,659,375,514,204,289,472,498,635,389,300,337,413,278,294,278,373,227,410,653,519,597,297,898,246,715,176,374,1297,288,652,616,1485,1244,893,835,693,1154,1152,924,1017,629,350,245,572,468,385,747,499,390,290,459,889,1035,776,978,480,645,838,672
i9,Syn,PL1,1,Control,P,1094,528,1285,2992,1089,769,641,1924,1314,1543,723,478,152,95,235,190,257,170,187,155,47,52,94,116,251,68,176,298,66,39,141,159,104,66,21,217,721,436,538,203,338,379,401,746,432,270,349,460,332,309,392,424,216,457,633,625,625,267,977,237,724,197,390,1202,393,612,661,1654,1372,890,759,666,1276,1243,935,1088,530,306,227,388,504,453,663,436,454,260,666,906,1048,766,741,493,720,992,725
i10,Syn,PL1,1,Control,P,1441,781,1566,2992,1189,762,769,2138,1175,1984,1395,663,143,128,220,151,187,320,289,64,31,39,88,134,292,99,223,400,55,14,87,182,46,75,44,232,470,441,494,216,260,478,648,663,425,328,373,440,335,429,415,418,287,531,674,568,566,273,944,266,711,177,455,1125,359,586,622,1490,1383,863,853,646,1225,1062,877,985,602,277,208,465,602,441,654,508,388,267,599,948,1042,759,754,500,944,785,685
fvol,Syn,PL1,1,Control,P,50,50,5000,4000,3000,3000,4000,5000,5000,1000,500,50,10,10,10,10,10,10,10,10,10,10,10,10,10,10,10,10,10,10,20,20,20,20,20,75,125,75,75,75,75,75,75,75,75,75,75,75,75,75,75,75,75,75,75,25,25,50,200,25,75,75,200,200,200,400,400,450,400,450,450,400,450,400,400,400,200,100,100,100,100,100,100,100,100,100,200,200,200,100,100,75,200,100,75
mag,Syn,PL1,1,Control,P,20,20,20,20,20,20,20,20,20,20,20,20,20,20,20,20,20,20,20,20,20,20,20,20,20,20,20,20,20,20,20,20,20,20,20,20,20,20,20,20,20,20,20,20,20,20,20,20,20,20,20,20,20,20,20,20,20,20,20,20,20,20,20,20,20,20,20,20,20,20,20,20,20,20,20,20,20,20,20,20,20,20,20,20,20,20,20,20,20,20,20,20,20,20,20
pres,Syn,PL1,1,Control,P,0,0,0,0,0,0,0,0,0,0,0,0,0,0,0,0,0,0,0,0,0,0,0,0,0,0,0,0,0,0,0,0,0,0,0,0,0,0,0,0,0,0,0,0,0,0,0,0,0,0,0,0,0,0,0,0,0,0,0,0,0,0,0,0,0,0,0,0,0,0,0,0,0,0,0,0,0,0,0,0,0,0,0,0,0,0,0,0,0,0,0,0.04,0.04,0.04,0
i1,Syn,PL2,2,Infect,P,2196,310,86,72,19,37,4,67,239,278,577,300,90,101,222,763,345,76,396,576,511,626,234,1053,344,135,667,173,146,21,174,603,431,392,207,74,384,368,563,973,216,334,650,1487,1644,1195,1190,1144,371,152,178,317,433,695,1571,130,531,123,451,558,562,90,204,485,169,213,192,728,644,503,971,334,365,365,373,340,474,567,402,680,905,1531,1034,876,1252,569,996,374,2097,2624,590,642,782,1359,897
i2,Syn,PL2,2,Infect,P,1049,423,73,110,27,47,5,61,151,288,631,386,50,72,239,381,533,168,623,204,239,223,396,380,261,107,208,148,98,23,193,435,378,401,185,221,491,339,851,889,491,443,775,1541,858,1190,1011,1278,315,234,444,372,742,1068,2060,84,386,120,424,889,692,46,202,518,144,175,201,588,659,586,999,344,377,359,466,423,423,560,368,670,948,1665,1122,957,1214,569,888,374,2999,2904,483,306,661,1803,672
i3,Syn,PL2,2,Infect,P,812,370,107,119,7,29,8,88,138,306,606,283,87,53,482,937,167,135,324,189,880,262,293,406,216,199,209,152,135,17,212,640,388,357,354,102,340,610,888,966,303,286,1153,1433,1264,600,1154,1312,418,390,342,452,603,648,2383,57,720,106,437,1214,613,68,246,499,178,212,243,554,610,492,784,332,349,368,438,420,592,528,439,761,845,1575,984,884,1153,568,1016,392,2866,2574,431,403,758,1698,610
i4,Syn,PL2,2,Infect,P,793,379,54,122,11,11,41,65,137,333,627,326,75,319,312,1011,411,159,372,232,297,170,308,538,441,278,181,157,158,55,185,309,366,353,292,168,437,489,787,796,480,340,810,1414,1897,814,1100,1012,665,361,322,364,495,485,2232,178,584,167,455,1028,571,464,260,464,144,235,223,581,669,473,837,296,396,351,419,446,593,458,407,677,856,1291,1074,741,1028,617,1062,529,2900,3415,447,447,655,1702,790
i5,Syn,PL2,2,Infect,P,668,386,65,74,12,136,8,55,128,295,606,382,78,314,332,302,358,364,291,325,270,154,363,160,317,126,320,195,197,46,214,398,417,359,214,167,368,778,287,271,388,353,892,1214,1158,988,805,1022,441,529,288,312,386,760,2519,193,607,106,371,1218,647,386,195,474,176,175,184,586,588,586,958,276,433,325,452,471,671,522,445,322,1015,1500,1011,840,1137,630,958,434,2905,3622,603,659,799,1677,796
i6,Syn,PL2,2,Infect,P,1046,337,85,111,9,94,5,46,127,328,655,284,75,298,1060,408,192,121,179,253,217,417,344,169,200,106,241,115,222,39,286,857,451,361,418,19,454,823,469,848,480,446,262,1474,1180,713,725,1256,656,507,308,317,401,1023,2619,105,528,141,345,888,723,182,196,453,146,205,198,633,624,503,975,341,401,358,477,387,490,540,424,729,1033,1615,987,880,1267,543,969,412,2755,3129,417,480,861,1611,531
i7,Syn,PL2,2,Infect,P,735,546,46,201,24,82,30,56,137,333,627,236,87,187,657,926,271,88,201,194,437,210,216,144,384,112,127,19,67,85,194,435,450,429,488,249,254,347,749,609,713,599,1040,1028,825,1119,1206,1216,520,482,324,461,478,852,1491,156,602,133,389,964,700,146,157,173,206,191,200,685,629,514,1333,374,379,392,407,398,540,562,415,719,752,1629,1386,892,1533,621,965,433,2814,3538,456,406,778,1678,1038
i8,Syn,PL2,2,Infect,P,757,431,83,106,20,69,10,72,140,314,658,262,110,52,308,453,231,182,322,651,401,198,309,371,430,220,286,106,109,63,234,527,525,424,369,251,479,322,188,922,315,305,240,1190,1240,860,1044,964,578,465,235,372,325,510,2448,51,590,122,319,1015,671,167,198,261,157,174,219,636,502,538,766,435,321,381,503,445,595,451,453,776,696,1605,1009,1051,1360,573,981,452,3153,2979,419,360,501,1817,729
i9,Syn,PL2,2,Infect,P,716,443,121,94,20,67,8,129,163,378,581,328,78,20,429,498,580,302,436,554,301,331,401,294,231,168,119,52,181,17,229,377,452,351,306,324,572,256,39,825,411,245,814,772,1233,887,1103,1080,457,459,418,483,430,815,2666,146,614,105,298,1147,638,184,239,253,206,210,239,542,591,549,670,293,398,397,415,463,727,614,427,688,755,1364,1084,858,1216,611,960,408,2932,3123,487,460,822,1751,696
i10,Syn,PL2,2,Infect,P,778,353,82,131,35,20,14,120,175,328,653,384,57,115,203,540,535,203,535,380,608,123,301,577,638,133,517,69,193,81,274,330,449,347,344,231,509,455,402,1017,354,293,539,488,1079,453,971,812,256,359,481,345,366,418,1829,140,540,133,306,1031,653,174,195,266,217,238,237,661,569,485,1053,337,383,471,463,473,610,571,402,687,724,1552,1062,999,1194,538,999,434,2771,3513,381,521,725,1717,815
fvol,Syn,PL2,2,Infect,P,50,50,5000,5000,5000,5000,5000,5000,5000,1500,1000,100,10,20,20,10,10,10,10,10,10,10,10,10,10,10,10,10,10,10,20,20,50,75,75,75,125,200,200,300,300,250,650,650,650,650,650,650,650,650,800,800,800,800,800,500,1000,500,2000,1000,1000,1000,1200,1400,1600,2000,2100,2200,2200,2200,2200,2000,2200,2000,2000,1800,1800,1600,1600,1600,1400,1400,1000,800,600,400,400,400,400,100,50,50,100,100,50
mag,Syn,PL2,2,Infect,P,20,20,20,20,20,20,20,20,20,20,20,20,20,20,20,20,20,20,20,20,20,20,20,20,20,20,20,20,20,20,20,20,20,20,20,20,20,20,20,20,20,20,20,20,20,20,20,20,20,20,20,20,20,20,20,20,20,20,20,20,20,20,20,20,20,20,20,20,20,20,20,20,20,20,20,20,20,20,20,20,20,20,20,20,20,20,20,20,20,20,20,20,20,20,20
pres,Syn,PL2,2,Infect,P,0,0,0,0,0,0,0,0,0,0,0,0,0,0,0,0,0,0,0,0,0,0,0,0,0,0,0,0,0,0,0,0,0,0,0,0,0,0,0,0,0,0,0,0,0,0,0,0,0,0,0,0,0,0,0,0,0,0,0,0,0,0,0,0,0,0,0,0,0,0,0,0,0,0,0,0,0,0,0,0,0,0,0,0,0,0,0,0,0,0,0,0.04,0.04,0.04,0
i1,Phage,PL2,2,Infect,P,NA,NA,NA,NA,NA,NA,NA,NA,NA,NA,NA,NA,NA,NA,NA,NA,NA,NA,NA,NA,NA,NA,NA,NA,NA,NA,NA,NA,NA,NA,NA,NA,3,240,3149,3145,1815,243,305,1217,1383,623,395,997,277,3657,1036,1518,727,191,191,884,1255,1327,838,673,1949,4784,1099,241,241,1602,685,477,1397,1008,1076,249,523,778,598,106,824,1183,435,905,899,959,870,195,275,205,280,4680,265,505,431,680,701,654,763,,,,
i2,Phage,PL2,2,Infect,P,NA,NA,NA,NA,NA,NA,NA,NA,NA,NA,NA,NA,NA,NA,NA,NA,NA,NA,NA,NA,NA,NA,NA,NA,NA,NA,NA,NA,NA,NA,NA,NA,94,560,5973,3252,1212,1012,539,1229,1454,584,367,890,144,3433,1469,1512,926,175,241,790,1018,1144,784,589,453,2824,988,219,219,4862,1208,698,1486,936,892,445,408,727,549,86,838,1250,512,832,1064,1160,2816,237,280,1085,774,775,242,357,459,699,541,606,801,,,,
i3,Phage,PL2,2,Infect,P,NA,NA,NA,NA,NA,NA,NA,NA,NA,NA,NA,NA,NA,NA,NA,NA,NA,NA,NA,NA,NA,NA,NA,NA,NA,NA,NA,NA,NA,NA,NA,NA,33,594,6766,3181,1276,874,493,1280,1369,865,397,895,202,4197,1030,1529,881,121,215,775,1361,629,806,539,4346,2337,1202,388,388,1396,774,325,1416,980,1165,661,291,818,557,112,535,1423,374,980,837,849,763,261,302,446,548,751,256,357,441,740,697,470,833,,,,
i4,Phage,PL2,2,Infect,P,NA,NA,NA,NA,NA,NA,NA,NA,NA,NA,NA,NA,NA,NA,NA,NA,NA,NA,NA,NA,NA,NA,NA,NA,NA,NA,NA,NA,NA,NA,NA,NA,6,787,4999,3590,1308,987,259,1247,1437,732,371,977,98,4053,1521,1644,911,146,227,770,1302,1245,814,763,504,,996,302,302,1082,1387,427,1535,1021,1139,458,356,804,563,81,793,606,516,1354,849,661,0,197,298,1946,423,613,284,365,384,681,693,684,820,,,,
i5,Phage,PL2,2,Infect,P,NA,NA,NA,NA,NA,NA,NA,NA,NA,NA,NA,NA,NA,NA,NA,NA,NA,NA,NA,NA,NA,NA,NA,NA,NA,NA,NA,NA,NA,NA,NA,NA,9,986,5786,3515,1207,799,569,1151,1217,997,367,883,147,4232,1180,1490,940,838,174,802,1137,1113,811,735,593,1655,818,431,431,3767,1073,907,1571,1019,1105,477,346,798,520,215,795,1060,478,842,940,1230,1316,183,239,1326,324,621,303,366,391,714,770,709,620,,,,
i6,Phage,PL2,2,Infect,P,NA,NA,NA,NA,NA,NA,NA,NA,NA,NA,NA,NA,NA,NA,NA,NA,NA,NA,NA,NA,NA,NA,NA,NA,NA,NA,NA,NA,NA,NA,NA,NA,12,1304,5630,2731,1206,960,591,1224,1362,862,345,990,84,2561,1481,1345,861,284,245,820,1131,800,828,708,1072,2802,1021,304,304,1128,705,318,1358,904,1037,527,381,743,360,252,779,628,514,986,771,2221,999,154,4459,1897,259,609,262,316,388,567,806,698,716,,,,
i7,Phage,PL2,2,Infect,P,NA,NA,NA,NA,NA,NA,NA,NA,NA,NA,NA,NA,NA,NA,NA,NA,NA,NA,NA,NA,NA,NA,NA,NA,NA,NA,NA,NA,NA,NA,NA,NA,62,489,3994,2898,1122,879,339,1406,1037,706,137,824,99,3681,1593,1399,825,258,197,848,1047,1064,877,679,594,1258,824,1377,1377,1140,970,322,1400,1029,1076,510,451,804,790,130,155,497,419,922,715,1492,1021,152,173,585,276,608,295,226,412,608,601,503,996,,,,
i8,Phage,PL2,2,Infect,P,NA,NA,NA,NA,NA,NA,NA,NA,NA,NA,NA,NA,NA,NA,NA,NA,NA,NA,NA,NA,NA,NA,NA,NA,NA,NA,NA,NA,NA,NA,NA,NA,5,683,3772,2236,1873,741,523,1675,1441,925,399,375,242,4119,1644,1485,489,193,207,870,1199,942,837,1501,594,1769,1014,3749,3749,3452,710,632,1420,1089,1181,411,274,842,523,208,799,1090,460,928,825,906,319,252,318,1366,262,526,250,345,424,569,728,655,624,,,,
i9,Phage,PL2,2,Infect,P,NA,NA,NA,NA,NA,NA,NA,NA,NA,NA,NA,NA,NA,NA,NA,NA,NA,NA,NA,NA,NA,NA,NA,NA,NA,NA,NA,NA,NA,NA,NA,NA,30,763,4036,0,1197,776,515,1265,1236,736,429,1093,230,2453,1612,1386,745,188,176,851,1215,978,847,666,534,471,986,451,451,964,973,261,1347,1014,1144,576,445,719,505,175,673,1053,491,665,612,1250,672,256,285,625,256,1993,471,414,448,664,721,542,881,,,,
i10,Phage,PL2,2,Infect,P,NA,NA,NA,NA,NA,NA,NA,NA,NA,NA,NA,NA,NA,NA,NA,NA,NA,NA,NA,NA,NA,NA,NA,NA,NA,NA,NA,NA,NA,NA,NA,NA,12,963,5328,2145,1956,922,694,1202,1479,1499,311,930,42,3797,1312,1392,902,182,175,731,1184,939,812,577,650,3035,900,4992,4992,1876,1139,223,1466,1066,1047,493,459,835,529,111,165,2104,421,828,579,1092,2012,195,414,349,420,959,334,250,428,683,1107,804,975,,,,
fvol,Phage,PL2,2,Infect,P,NA,NA,NA,NA,NA,NA,NA,NA,NA,NA,NA,NA,NA,NA,NA,NA,NA,NA,NA,NA,NA,NA,NA,NA,NA,NA,NA,NA,NA,NA,NA,NA,1500,3500,4500,1500,1100,1000,800,850,850,750,400,400,650,650,650,650,550,700,700,950,950,750,750,750,700,1500,1200,700,700,700,700,700,800,800,800,700,600,600,600,600,600,600,600,500,400,500,400,400,500,500,400,500,500,500,500,500,500,400,400,,,,
mag,Phage,PL2,2,Infect,P,NA,NA,NA,NA,NA,NA,NA,NA,NA,NA,NA,NA,NA,NA,NA,NA,NA,NA,NA,NA,NA,NA,NA,NA,NA,NA,NA,NA,NA,NA,NA,NA,100,100,100,100,100,100,100,100,100,100,100,100,100,100,100,100,100,100,100,100,100,100,100,100,100,100,100,100,100,100,100,100,100,100,100,100,100,100,100,100,100,100,100,100,100,100,100,100,100,100,100,100,100,100,100,100,100,100,100,,,,
pres,Phage,PL2,2,Infect,P,NA,NA,NA,NA,NA,NA,NA,NA,NA,NA,NA,NA,NA,NA,NA,NA,NA,NA,NA,NA,NA,NA,NA,NA,NA,NA,NA,NA,NA,NA,NA,NA,0,0,0,0,0,0,0,0,0,0,0,0,0,0,0,0,0,0,0,0,0,0,0,0,0,0,0,0,0,0,0,0,0,0,0,0,0,0,0,0,0,0,0,0,0,0,0,0,0,0,0,0,0,0,0,0,0,0,0,,,,
i1,Syn,PL3,3,Control,P,972,807,774,1227,513,255,242,871,518,692,540,289,193,107,534,150,578,91,23,17,381,77,19,37,127,18,36,20,13,16,23,19,42,162,95,226,469,169,187,67,82,83,145,74,130,108,130,89,140,213,461,NA,203,105,36,31,685,302,1041,354,310,72,81,50,814,539,760,1956,922,467,443,296,425,343,405,574,579,448,660,618,802,1326,659,883,,249,424,326,265,760,746,517,785,430,670
i2,Syn,PL3,3,Control,P,846,669,932,1246,664,231,238,958,568,683,727,202,164,281,477,82,178,61,32,24,159,81,16,57,123,21,37,16,21,24,15,23,30,160,110,265,443,164,199,97,80,84,135,70,127,93,141,104,164,175,586,NA,210,131,36,23,714,319,984,244,366,91,80,78,810,528,818,1834,784,406,247,260,462,372,406,719,620,468,640,619,770,1401,710,1114,,257,458,283,243,782,566,646,685,350,622
i3,Syn,PL3,3,Control,P,910,655,998,1139,477,211,208,1016,551,450,678,174,200,441,272,465,166,33,9,25,148,44,54,64,96,14,13,12,22,5,24,21,33,142,122,270,467,163,206,92,106,58,150,78,148,102,102,112,160,188,450,NA,178,119,29,24,674,319,1004,205,269,95,60,62,846,455,839,1730,954,445,244,250,463,382,390,336,514,504,623,631,648,1202,465,1018,,301,454,288,261,503,558,806,541,397,673
i4,Syn,PL3,3,Control,P,801,490,1049,1404,509,247,240,1038,556,657,1025,228,138,238,194,605,138,67,37,17,156,30,76,91,136,22,41,16,12,20,32,33,36,75,120,292,345,147,206,73,101,67,142,94,149,92,132,112,167,171,446,NA,186,121,34,38,422,297,1114,175,164,86,62,47,716,463,833,1852,868,396,491,303,396,366,321,481,603,526,906,669,626,1205,751,771,,297,418,329,253,436,551,533,327,468,723
i5,Syn,PL3,3,Control,P,701,362,943,1310,593,169,234,1019,526,605,489,242,260,139,156,427,259,98,118,14,373,28,60,44,98,12,18,30,13,17,43,49,27,75,141,290,407,190,204,72,86,79,132,81,141,126,108,97,172,196,364,NA,182,129,37,35,421,325,1003,87,182,76,70,35,751,546,851,1802,978,377,593,215,377,357,322,658,700,447,674,631,858,1533,685,943,,308,367,347,333,529,608,690,395,435,586
i6,Syn,PL3,3,Control,P,603,497,1434,1532,483,202,224,805,428,612,410,145,166,122,111,559,231,96,34,12,134,50,108,61,196,28,53,28,18,15,30,45,28,76,111,278,357,159,199,107,82,70,148,80,179,90,123,111,141,195,546,NA,175,116,32,49,409,344,1019,95,163,98,192,44,746,492,907,1717,888,395,347,277,410,392,338,576,535,530,617,673,639,851,689,1001,,272,421,292,257,475,604,458,338,429,543
i7,Syn,PL3,3,Control,P,578,609,904,1517,542,274,210,865,558,458,716,253,242,177,183,412,291,96,36,16,125,17,48,101,175,24,24,37,23,15,21,62,20,91,134,227,420,139,194,102,86,81,153,85,144,91,112,127,167,170,683,NA,167,142,15,53,344,298,932,264,212,74,228,52,794,467,826,1686,1644,390,398,225,446,268,396,654,514,494,852,606,725,1205,824,579,,313,395,284,235,448,577,568,574,342,492
i8,Syn,PL3,3,Control,P,612,365,1377,1386,518,240,217,797,525,499,805,173,315,45,244,120,235,118,27,11,115,32,63,81,83,22,22,21,11,13,25,62,31,136,134,273,372,122,216,76,79,56,130,93,123,97,122,186,186,162,419,NA,112,87,29,40,454,314,998,213,347,73,262,26,927,535,833,1756,592,381,440,257,370,235,342,719,556,495,905,574,769,1311,768,727,,297,398,338,249,512,560,443,317,334,483
i9,Syn,PL3,3,Control,P,875,401,1054,1279,587,237,195,798,424,456,800,237,226,132,175,139,91,93,15,13,190,45,73,28,180,22,35,23,23,16,26,47,49,84,127,251,359,135,196,104,102,75,166,101,176,87,123,108,145,185,474,NA,164,103,17,35,485,357,942,338,371,89,250,56,646,532,833,1718,866,439,464,308,334,273,315,863,498,485,928,586,844,1026,930,662,,272,393,327,276,480,566,502,439,360,535
i10,Syn,PL3,3,Control,P,674,629,1385,1117,513,253,169,869,408,404,780,317,186,210,227,135,58,88,27,26,144,44,56,56,186,26,10,135,21,23,35,31,29,86,126,211,441,139,223,90,93,87,167,93,109,95,120,142,162,185,443,NA,143,74,35,24,536,320,954,222,274,108,239,34,664,586,795,1786,979,401,539,346,295,271,429,571,536,511,798,609,656,1590,690,689,,362,461,325,251,533,595,639,298,459,515
fvol,Syn,PL3,3,Control,P,50,50,5000,4000,4000,5000,5000,5000,100,50,25,10,10,10,10,10,10,10,10,10,50,10,10,10,10,10,10,10,10,10,20,20,20,75,75,75,125,75,75,75,75,75,75,75,75,75,75,75,75,75,75,NA,75,75,75,100,250,250,600,250,250,250,300,400,800,800,1000,900,400,450,450,450,400,400,400,400,300,300,300,300,300,300,200,100,,75,100,100,100,200,200,200,200,200,200
mag,Syn,PL3,3,Control,P,20,20,20,20,20,20,20,20,20,20,20,20,20,20,20,20,20,20,20,20,20,20,20,20,20,20,20,20,20,20,20,20,20,20,20,20,20,20,20,20,20,20,20,20,20,20,20,20,20,20,20,NA,20,20,20,20,20,20,20,20,20,20,20,20,20,20,20,20,20,20,20,20,20,20,20,20,20,20,20,20,20,20,20,20,,20,20,20,20,20,20,20,20,20,20
pres,Syn,PL3,3,Control,P,0,0,0,0,0,0,0,0,0,0,0,0,0,0,0,0,0,0,0,0,0,0,0,0,0,0,0,0,0,0,0,0,0,0,0,0,0,0,0,0,0,0,0,0,0,0,0,0,0,0,0,NA,0,0,0,0,0,0,0,0,0,0,0,0,0,0,0,0,0,0,0,0,0,0,0,0,0,0,0,0,0,0,0,0,,0,0,0,0,0,0,0.04,0.04,0.04,0
i1,Syn,PL4,4,Infect,P,758,533,220,220,41,28,56,43,90,456,1731,1707,32,26,1776,359,428,247,312,257,80,123,197,319,252,71,95,166,58,23,141,162,239,261,251,376,105,705,927,338,158,85,210,602,463,463,368,856,290,71,67,178,100,173,175,902,608,77,358,223,170,198,519,833,840,1339,1537,1596,2435,2882,2211,2063,1523,1921,1584,1439,923,694,950,985,,1987,618,443,585,440,567,610,539,1098,183,935,560,1354,379
i2,Syn,PL4,4,Infect,P,772,329,242,154,53,47,41,49,86,403,956,1658,22,36,1869,606,349,276,327,208,95,245,198,217,250,69,70,273,51,39,145,167,339,248,175,170,193,1153,699,256,135,65,277,513,498,488,304,912,120,37,64,327,36,170,192,954,715,78,250,226,653,222,624,883,820,1357,1455,1520,2321,2926,3168,2416,1588,1871,1636,1546,990,767,1044,947,,1873,542,446,349,468,642,644,603,1074,153,0,466,1149,409
i3,Syn,PL4,4,Infect,P,774,366,307,179,32,50,58,28,90,414,1344,1465,22,70,1837,507,347,206,393,357,74,135,295,244,243,219,76,239,64,39,196,199,364,244,108,295,466,803,91,372,196,129,253,365,257,425,478,812,194,49,114,312,18,132,221,1130,755,303,220,366,609,217,559,844,922,1408,1324,1435,2627,2758,2053,1654,1734,1694,1631,1355,947,772,1135,959,,1693,529,404,336,375,556,751,579,1037,162,751,465,1202,357
i4,Syn,PL4,4,Infect,P,628,358,231,105,27,30,58,41,54,402,1215,1402,94,54,1565,404,393,143,375,242,131,93,284,106,254,156,68,53,103,48,202,219,352,239,99,296,233,701,761,334,118,129,195,462,483,618,471,698,142,49,92,259,104,78,220,726,729,278,206,48,671,219,500,866,901,1524,1376,1421,2643,2504,2584,1972,1582,1812,1553,1351,853,841,1313,925,,1455,607,437,368,492,524,670,599,988,127,871,548,893,489
i5,Syn,PL4,4,Infect,P,916,321,298,241,35,24,30,45,67,115,1352,1997,75,53,953,601,304,74,194,584,108,110,188,85,252,71,89,202,78,36,174,215,349,290,160,178,417,988,970,236,80,91,212,623,627,492,524,657,89,101,91,56,130,92,256,1019,683,272,217,63,839,240,472,867,739,1555,1442,1414,1988,2538,2618,2218,1674,2028,1695,1562,811,693,967,892,,1308,729,600,535,384,672,674,645,1097,137,836,526,941,373
i6,Syn,PL4,4,Infect,P,707,330,307,164,28,40,6,32,61,418,1055,1394,53,46,1049,134,377,213,98,244,113,136,99,111,329,163,74,222,124,20,100,215,324,236,51,310,463,1269,674,141,96,138,94,655,266,557,428,558,22,88,119,100,170,118,257,791,605,186,202,109,751,239,458,833,902,1548,1414,1676,2093,2579,2255,2396,1699,1889,1632,1508,825,659,854,775,,1740,614,434,388,440,453,672,584,1043,182,732,522,1044,445
i7,Syn,PL4,4,Infect,P,801,341,312,255,41,39,22,42,55,312,1222,1302,34,26,1461,168,305,190,271,378,204,473,243,148,259,176,78,272,98,65,125,231,289,251,100,233,138,1066,676,149,164,97,73,626,456,572,303,506,184,107,57,485,142,177,331,1012,506,237,228,93,783,232,594,785,966,1327,1369,1515,2088,2575,2619,2178,1593,1900,1727,1807,805,766,896,869,,1434,730,419,691,526,503,694,555,1234,173,981,514,1251,459
i8,Syn,PL4,4,Infect,P,782,345,267,193,60,44,16,41,52,359,1173,1429,88,50,1292,426,441,102,122,91,217,506,156,212,256,463,114,298,163,58,136,197,335,229,86,20,143,856,734,381,451,82,253,592,463,151,369,771,118,124,42,370,136,177,277,845,682,242,247,332,500,197,578,775,965,1381,1317,1494,2451,2499,2713,2167,1421,1787,1544,1717,852,732,1086,851,,1028,632,414,540,451,544,716,530,934,162,789,524,952,324
i9,Syn,PL4,4,Infect,P,834,756,289,211,36,107,15,45,49,342,1286,1674,133,27,1641,702,174,149,299,323,131,25,188,146,261,430,189,221,97,34,109,169,340,250,135,166,482,1023,557,431,330,70,651,669,551,497,656,733,148,107,67,443,102,77,263,770,592,131,195,238,437,187,536,748,886,1377,1247,1455,2264,2437,2501,2043,1639,1834,1840,1701,940,694,1075,828,,1508,530,463,665,486,493,603,647,1234,151,832,561,1417,415
i10,Syn,PL4,4,Infect,P,759,336,198,222,41,60,113,40,54,194,1184,1538,135,83,1233,490,196,118,262,665,111,100,168,255,294,135,257,188,19,45,181,123,292,205,153,82,81,559,980,382,273,67,381,616,356,385,495,790,129,33,69,235,100,87,321,1247,775,166,310,282,396,191,589,842,893,1470,1290,1358,2238,2579,2455,1868,1631,1361,1549,1829,951,796,842,794,,1272,529,481,816,485,538,712,598,1021,96,691,466,1205,319
fvol,Syn,PL4,4,Infect,P,50,50,5000,5000,5000,5000,5000,5000,5000,5000,5000,5000,10,10,100,10,10,10,10,10,10,10,10,10,10,10,10,10,10,10,20,20,50,75,75,75,125,200,200,200,200,200,800,800,800,800,800,800,800,800,950,1200,1200,1900,2600,2600,2000,2000,4000,2000,2000,2000,2000,2000,2000,2000,2100,2100,1900,1400,1400,1000,1000,1000,1000,1000,500,500,400,400,,200,100,100,100,100,100,100,100,100,50,150,150,200,100
mag,Syn,PL4,4,Infect,P,20,20,20,20,20,20,20,20,20,20,20,20,20,20,20,20,20,20,20,20,20,20,20,20,20,20,20,20,20,20,20,20,20,20,20,20,20,20,20,20,20,20,20,20,20,20,20,20,20,20,20,20,20,20,20,20,20,20,20,20,20,20,20,20,20,20,20,20,20,20,20,20,20,20,20,20,20,20,20,20,,20,20,20,20,20,20,20,20,20,20,20,20,20,20
pres,Syn,PL4,4,Infect,P,0,0,0,0,0,0,0,0,0,0,0,0,0,0,0,0,0,0,0,0,0,0,0,0,0,0,0,0,0,0,0,0,0,0,0,0,0,0,0,0,0,0,0,0,0,0,0,0,0,0,0,0,0,0,0,0,0,0,0,0,0,0,0,0,0,0,0,0,0,0,0,0,0,0,0,0,0,0,0,0,,0,0,0,0,0,0,0,0,0,0,0.04,0.04,0.04,0
i1,Phage,PL4,4,Infect,P,NA,NA,NA,NA,NA,NA,NA,NA,NA,NA,NA,NA,NA,NA,NA,NA,NA,NA,NA,NA,NA,NA,NA,NA,NA,NA,NA,NA,NA,NA,NA,NA,32,952,4506,3745,3722,1415,1658,3057,3645,2171,1421,2100,2245,3319,2493,2594,1324,316,539,1470,2041,1635,1917,708,653,1410,674,482,482,824,1197,648,1370,502,1410,886,127,2023,1497,1808,768,1890,606,496,502,740,1245,188,,555,232,380,152,94,352,1059,1899,1131,769,,,,
i2,Phage,PL4,4,Infect,P,NA,NA,NA,NA,NA,NA,NA,NA,NA,NA,NA,NA,NA,NA,NA,NA,NA,NA,NA,NA,NA,NA,NA,NA,NA,NA,NA,NA,NA,NA,NA,NA,73,723,4908,3389,1008,1794,1352,3401,2792,1800,2332,2147,2214,3294,2439,2729,1322,400,388,1523,2017,1740,2153,731,609,1327,639,750,750,1441,829,563,1294,508,1016,772,43,2326,1362,1968,1550,1928,592,483,607,1427,365,154,,570,140,235,187,113,391,1049,1501,9267,810,,,,
i3,Phage,PL4,4,Infect,P,NA,NA,NA,NA,NA,NA,NA,NA,NA,NA,NA,NA,NA,NA,NA,NA,NA,NA,NA,NA,NA,NA,NA,NA,NA,NA,NA,NA,NA,NA,NA,NA,28,758,5696,3465,2825,1724,1333,2529,4093,1745,2595,1842,1897,3286,2630,2660,1465,443,625,1378,2096,1730,1967,847,519,1545,802,1084,1084,1131,857,542,1575,509,1123,781,30,1985,828,1760,1172,2019,749,567,762,4239,386,170,,430,233,261,680,129,317,794,1477,1525,916,,,,
i4,Phage,PL4,4,Infect,P,NA,NA,NA,NA,NA,NA,NA,NA,NA,NA,NA,NA,NA,NA,NA,NA,NA,NA,NA,NA,NA,NA,NA,NA,NA,NA,NA,NA,NA,NA,NA,NA,29,934,5157,3645,2537,1089,1344,2188,4375,1802,1730,2198,1933,3426,2150,2556,1097,479,504,1110,2204,1885,2098,769,595,1320,746,741,741,1159,1133,424,1618,541,1977,612,39,1902,1796,1895,777,1929,629,613,695,4358,331,174,,553,213,450,305,80,223,1070,1736,1130,1006,,,,
i5,Phage,PL4,4,Infect,P,NA,NA,NA,NA,NA,NA,NA,NA,NA,NA,NA,NA,NA,NA,NA,NA,NA,NA,NA,NA,NA,NA,NA,NA,NA,NA,NA,NA,NA,NA,NA,NA,30,1105,3639,3904,2855,2446,1601,3545,4834,1898,1827,2219,1863,3326,2555,2278,1439,510,907,1168,1827,1494,1783,714,557,1843,935,907,907,770,1115,463,1346,707,916,921,149,1923,1745,1616,824,2112,628,700,384,1931,397,225,,531,211,662,557,132,382,1078,1943,1075,848,,,,
i6,Phage,PL4,4,Infect,P,NA,NA,NA,NA,NA,NA,NA,NA,NA,NA,NA,NA,NA,NA,NA,NA,NA,NA,NA,NA,NA,NA,NA,NA,NA,NA,NA,NA,NA,NA,NA,NA,38,1224,4706,3384,2282,1923,1486,3567,4677,1908,1795,1946,553,3499,2237,2289,1697,675,426,1236,2040,1692,1683,805,444,1052,1016,907,907,1018,397,605,1372,553,949,797,139,1772,1739,1340,1277,1920,597,740,734,527,300,311,,589,204,326,178,129,389,984,1716,1454,770,,,,
i7,Phage,PL4,4,Infect,P,NA,NA,NA,NA,NA,NA,NA,NA,NA,NA,NA,NA,NA,NA,NA,NA,NA,NA,NA,NA,NA,NA,NA,NA,NA,NA,NA,NA,NA,NA,NA,NA,15,689,4018,3623,2816,1655,1445,2931,4648,1992,1873,1921,1265,3484,2176,2615,1401,406,530,1089,1961,1860,1861,649,562,1154,1052,607,607,1014,379,3921,1431,495,940,588,146,1951,1710,1461,1186,1848,605,885,790,786,2078,506,,475,86,405,227,163,355,1018,2011,897,1047,,,,
i8,Phage,PL4,4,Infect,P,NA,NA,NA,NA,NA,NA,NA,NA,NA,NA,NA,NA,NA,NA,NA,NA,NA,NA,NA,NA,NA,NA,NA,NA,NA,NA,NA,NA,NA,NA,NA,NA,8,788,6719,3417,2804,2050,1740,3408,4909,2070,2019,1770,2726,3276,2559,1802,1280,672,595,1425,1767,1497,1520,742,616,1222,867,497,497,1038,321,2095,1278,523,853,611,153,1912,1505,1506,4280,2176,635,388,767,461,582,301,,552,327,864,340,149,279,1055,1551,1301,1018,,,,
i9,Phage,PL4,4,Infect,P,NA,NA,NA,NA,NA,NA,NA,NA,NA,NA,NA,NA,NA,NA,NA,NA,NA,NA,NA,NA,NA,NA,NA,NA,NA,NA,NA,NA,NA,NA,NA,NA,23,901,4754,3428,2626,1179,1624,3191,4637,2022,1404,2167,1999,3358,2348,2443,1898,631,1191,1290,2108,1144,1828,766,432,1348,784,456,456,948,389,468,1382,481,862,703,143,1980,1780,1945,1410,1930,576,755,514,0,572,596,,622,1007,269,150,148,416,977,1548,3147,1138,,,,
i10,Phage,PL4,4,Infect,P,NA,NA,NA,NA,NA,NA,NA,NA,NA,NA,NA,NA,NA,NA,NA,NA,NA,NA,NA,NA,NA,NA,NA,NA,NA,NA,NA,NA,NA,NA,NA,NA,15,650,4410,2522,2535,2393,1558,3226,3538,2033,2066,2283,1766,3013,1928,2750,1186,624,533,1469,1898,1228,1786,690,450,1094,731,400,400,791,373,520,1390,480,772,860,168,1865,1749,1701,971,1758,605,406,695,0,644,1454,,442,2077,285,1016,130,461,1053,1490,1098,1252,,,,
fvol,Phage,PL4,4,Infect,P,NA,NA,NA,NA,NA,NA,NA,NA,NA,NA,NA,NA,NA,NA,NA,NA,NA,NA,NA,NA,NA,NA,NA,NA,NA,NA,NA,NA,NA,NA,NA,NA,1500,1500,4500,1500,1100,1000,800,850,800,750,610,650,650,650,650,650,550,650,650,650,650,650,650,650,700,1500,1200,700,700,700,700,700,800,800,800,555,600,800,800,600,600,600,600,500,500,400,200,200,,300,300,300,300,300,600,600,600,350,300,,,,
mag,Phage,PL4,4,Infect,P,NA,NA,NA,NA,NA,NA,NA,NA,NA,NA,NA,NA,NA,NA,NA,NA,NA,NA,NA,NA,NA,NA,NA,NA,NA,NA,NA,NA,NA,NA,NA,NA,100,100,100,100,100,100,100,100,100,100,100,100,100,100,100,100,100,100,100,100,100,100,100,100,100,100,100,100,100,100,100,100,100,100,100,100,100,100,100,100,100,100,100,100,100,100,100,100,,100,100,100,100,100,100,100,100,100,100,,,,
pres,Phage,PL4,4,Infect,P,NA,NA,NA,NA,NA,NA,NA,NA,NA,NA,NA,NA,NA,NA,NA,NA,NA,NA,NA,NA,NA,NA,NA,NA,NA,NA,NA,NA,NA,NA,NA,NA,0,0,0,0,0,0,0,0,0,0,0,0,0,0,0,0,0,0,0,0,0,0,0,0,0,0,0,0,0,0,0,0,0,0,0,0,0,0,0,0,0,0,0,0,0,0,0,0,,0,0,0,0,0,0,0,0,0,0,,,,
i1,Syn,PL5,5,Infect,P,855,447,16,5,20,99,11,34,199,562,1205,1621,82,85,5,118,503,421,128,27,190,128,542,380,152,59,135,153,48,21,25,102,92,187,76,343,312,460,364,437,379,1113,779,450,212,85,195,1695,214,154,772,171,218,277,793,715,555,670,585,538,414,74,134,124,145,170,177,501,280,186,215,195,238,971,393,818,,315,150,167,425,907,814,438,429,557,752,724,1606,1330,539,810,1259,3013,2805
i2,Syn,PL5,5,Infect,P,741,371,5,8,22,25,37,31,162,620,1187,1403,125,29,7,171,507,391,76,55,145,120,262,301,166,47,211,157,41,25,120,243,101,118,127,232,237,617,290,274,340,457,979,475,404,492,293,1538,169,344,550,244,277,459,723,673,725,701,613,664,225,178,149,78,183,159,208,248,302,251,172,116,217,596,368,716,,307,338,170,429,956,945,537,625,451,824,762,1671,1776,411,615,1291,3669,2415
i3,Syn,PL5,5,Infect,P,830,355,21,24,61,6,64,26,192,708,1100,1459,105,100,2,160,432,401,145,38,432,93,610,187,205,170,199,168,66,15,120,154,122,154,79,265,206,800,631,203,436,331,738,375,526,465,490,1885,62,200,655,390,229,547,731,841,545,767,586,690,378,164,129,69,213,146,225,514,292,206,272,166,270,529,526,677,,303,346,145,396,893,924,489,654,495,640,706,1774,1584,389,822,1222,4014,2345
i4,Syn,PL5,5,Infect,P,771,318,19,56,49,3,16,30,206,648,1031,2107,170,51,7,104,370,367,45,128,247,99,146,266,131,73,52,160,28,21,134,170,99,154,93,149,412,785,738,451,153,929,920,598,575,126,243,1487,162,167,554,275,215,485,689,643,535,708,568,776,339,184,165,44,186,198,283,574,303,211,199,117,313,643,503,644,,317,435,148,412,988,830,547,504,487,672,742,1716,1515,388,853,1293,4729,2439
i5,Syn,PL5,5,Infect,P,546,302,14,120,50,8,56,35,211,647,700,1094,63,45,4,179,620,254,65,134,352,107,328,127,96,55,132,87,14,52,126,205,73,154,106,328,332,736,261,175,436,620,811,580,626,458,356,1500,293,129,424,238,76,499,685,639,632,822,575,515,384,144,89,66,153,259,254,552,247,194,323,155,352,508,537,665,,305,282,147,414,1014,563,454,543,541,730,759,1759,1819,418,672,1451,2905,2595
i6,Syn,PL5,5,Infect,P,702,302,30,47,43,27,14,67,223,685,999,1195,86,75,1,152,558,320,301,90,195,81,319,194,138,57,126,158,52,27,96,88,107,167,69,229,567,649,422,262,247,660,585,459,639,407,427,1490,232,262,222,362,234,355,657,614,658,728,509,834,403,186,76,55,149,280,191,487,255,234,240,187,300,620,535,609,,320,265,153,434,972,591,504,604,492,796,749,1731,1471,446,577,1238,2461,1839
i7,Syn,PL5,5,Infect,P,860,490,20,22,35,60,33,30,323,607,946,1155,168,37,0,276,536,283,32,194,134,77,309,320,178,73,149,166,23,6,75,73,124,161,67,120,364,295,339,361,334,571,551,469,481,583,312,1692,133,367,591,369,165,421,698,634,630,657,503,849,344,166,99,63,123,205,196,539,218,246,297,170,217,663,290,740,,361,369,137,478,942,570,460,544,585,641,700,1603,1309,391,762,1494,2167,2376
i8,Syn,PL5,5,Infect,P,1109,414,16,34,42,97,6,30,179,687,1197,1681,209,74,93,203,602,363,85,175,102,95,678,163,125,86,172,97,68,30,118,131,90,143,104,241,469,306,596,325,390,401,660,523,570,161,371,1529,240,158,499,261,352,360,601,626,538,844,446,517,115,228,180,39,148,191,223,571,281,231,274,167,284,556,411,622,,327,391,136,384,1005,497,533,370,544,792,710,1572,1467,422,651,1143,3075,2154
i9,Syn,PL5,5,Infect,P,1258,385,12,33,37,30,32,37,188,657,1031,1999,387,13,6,120,326,222,92,131,119,205,203,214,197,57,195,151,41,4,93,88,92,145,135,141,489,532,80,210,417,472,217,356,429,132,564,1789,94,287,240,226,92,655,721,743,617,752,468,591,147,262,187,36,249,226,222,607,285,249,237,191,290,514,524,813,,364,417,163,367,929,540,635,523,559,822,705,1622,1492,395,650,1308,3653,2189
i10,Syn,PL5,5,Infect,P,1037,370,14,85,93,42,86,41,183,660,1028,2357,200,30,2,140,309,343,64,119,106,99,203,258,223,82,206,177,46,14,106,147,108,126,132,289,234,843,158,449,490,571,298,447,485,495,509,1586,249,175,446,306,168,754,894,681,605,765,765,513,192,122,119,140,199,216,197,468,259,166,217,142,238,579,559,679,,348,381,151,367,944,497,554,629,499,649,786,1772,1288,481,621,1086,3051,1688
fvol,Syn,PL5,5,Infect,P,50,50,5000,5000,5000,5000,5000,5000,5000,5000,5000,5000,10,10,10,100,50,10,10,10,10,10,10,10,10,10,10,10,10,10,20,20,50,75,75,75,125,200,200,200,200,200,200,200,200,200,200,200,200,200,300,300,300,500,500,500,500,500,1000,500,500,500,500,700,1200,1600,1800,2000,1800,1900,1900,2000,2000,2000,2000,1800,,1600,1600,1600,1800,1800,1700,1500,1500,1500,1500,1500,1500,700,200,200,200,200,100
mag,Syn,PL5,5,Infect,P,20,20,20,20,20,20,20,20,20,20,20,20,20,20,20,20,20,20,20,20,20,20,20,20,20,20,20,20,20,20,20,20,20,20,20,20,20,20,20,20,20,20,20,20,20,20,20,20,20,20,20,20,20,20,20,20,20,20,20,20,20,20,20,20,20,20,20,20,20,20,20,20,20,20,20,20,,20,20,20,20,20,20,20,20,20,20,20,20,20,20,20,20,20,20
pres,Syn,PL5,5,Infect,P,0,0,0,0,0,0,0,0,0,0,0,0,0,0,0,0,0,0,0,0,0,0,0,0,0,0,0,0,0,0,0,0,0,0,0,0,0,0,0,0,0,0,0,0,0,0,0,0,0,0,0,0,0,0,0,0,0,0,0,0,0,0,0,0,0,0,0,0,0,0,0,0,0,0,0,0,,0,0,0,0,0,0,0,0,0,0,0,0,0,0,0.04,0.04,0.04,0
i1,Phage,PL5,5,Infect,P,NA,NA,NA,NA,NA,NA,NA,NA,NA,NA,NA,NA,NA,NA,NA,NA,NA,NA,NA,NA,NA,NA,NA,NA,NA,NA,NA,NA,NA,NA,NA,NA,20,1041,5470,3163,2151,2611,1820,3266,5939,2781,3015,3410,1989,2894,2803,2668,2751,1706,1238,3148,4599,2763,2295,3007,3750,4930,2522,1107,1107,1408,407,435,1327,526,1079,1487,1092,1403,2281,1953,981,2100,1550,828,,502,64,434,489,752,789,733,636,443,629,2130,1499,1028,410,,,,
i2,Phage,PL5,5,Infect,P,NA,NA,NA,NA,NA,NA,NA,NA,NA,NA,NA,NA,NA,NA,NA,NA,NA,NA,NA,NA,NA,NA,NA,NA,NA,NA,NA,NA,NA,NA,NA,NA,35,372,5083,3019,2708,2591,1811,3334,6200,3122,2218,2504,1990,2842,3244,3008,2704,1682,1055,1918,4299,2590,2443,2902,2622,3927,2597,753,753,1272,474,351,1209,553,1094,1168,1212,2016,2428,1757,900,2070,1579,1244,,469,708,788,402,633,1089,639,670,435,616,1592,1591,1114,341,,,,
i3,Phage,PL5,5,Infect,P,NA,NA,NA,NA,NA,NA,NA,NA,NA,NA,NA,NA,NA,NA,NA,NA,NA,NA,NA,NA,NA,NA,NA,NA,NA,NA,NA,NA,NA,NA,NA,NA,46,381,6482,3123,2157,2999,1685,3318,5308,3189,2940,2150,1935,2939,3000,2685,2775,1706,1097,3058,4547,2711,2304,2659,2632,4236,3023,690,690,1329,469,419,1126,537,1054,1014,1118,1944,4359,1907,842,2110,1508,1322,,339,1239,355,114,1106,832,638,501,456,636,816,1838,895,437,,,,
i4,Phage,PL5,5,Infect,P,NA,NA,NA,NA,NA,NA,NA,NA,NA,NA,NA,NA,NA,NA,NA,NA,NA,NA,NA,NA,NA,NA,NA,NA,NA,NA,NA,NA,NA,NA,NA,NA,10,506,5456,2664,2719,2945,1771,3227,5603,2575,3034,2625,2046,2927,3086,2636,2176,1576,1166,2852,4829,2458,2133,3072,2395,4632,2705,617,617,1173,388,558,1155,648,1064,1424,1052,1496,2398,1441,913,1699,1589,1038,,597,811,384,258,575,1173,716,573,420,688,925,1788,883,1089,,,,
i5,Phage,PL5,5,Infect,P,NA,NA,NA,NA,NA,NA,NA,NA,NA,NA,NA,NA,NA,NA,NA,NA,NA,NA,NA,NA,NA,NA,NA,NA,NA,NA,NA,NA,NA,NA,NA,NA,12,782,6167,3086,2381,2998,1961,3370,6002,2796,1771,1531,1985,2657,3043,3084,2661,1714,1128,2998,4012,2380,2358,2777,2812,4590,2841,2078,2078,1158,1933,433,1093,521,1075,1436,1357,1626,2202,1555,357,1997,1498,1187,,439,338,386,307,783,564,673,372,390,623,1343,1414,917,352,,,,
i6,Phage,PL5,5,Infect,P,NA,NA,NA,NA,NA,NA,NA,NA,NA,NA,NA,NA,NA,NA,NA,NA,NA,NA,NA,NA,NA,NA,NA,NA,NA,NA,NA,NA,NA,NA,NA,NA,9,362,3056,3487,1897,2537,2014,3463,5284,3264,3844,3057,1792,2928,3069,2448,2680,1396,1113,3029,4388,2425,2355,3041,2326,4657,2991,1724,1724,1286,1292,392,1175,526,1089,1358,1192,1678,2324,1975,855,2124,1626,1172,,564,932,396,246,707,922,643,595,454,691,1088,1681,1113,504,,,,
i7,Phage,PL5,5,Infect,P,NA,NA,NA,NA,NA,NA,NA,NA,NA,NA,NA,NA,NA,NA,NA,NA,NA,NA,NA,NA,NA,NA,NA,NA,NA,NA,NA,NA,NA,NA,NA,NA,43,1063,6563,3410,2354,2300,1985,2775,5799,2513,3371,3349,1956,2730,2830,2802,2672,1737,1011,2818,4846,2510,2102,2941,2779,4228,2964,1102,1102,1117,1559,499,1218,589,1125,1458,1248,1788,1713,2062,607,2058,1651,1316,,304,637,558,371,461,1028,534,565,454,509,914,1140,983,516,,,,
i8,Phage,PL5,5,Infect,P,NA,NA,NA,NA,NA,NA,NA,NA,NA,NA,NA,NA,NA,NA,NA,NA,NA,NA,NA,NA,NA,NA,NA,NA,NA,NA,NA,NA,NA,NA,NA,NA,6,946,5542,3149,2029,2594,1781,3440,5470,2096,3331,3515,1879,2762,2689,2780,2735,1404,1167,2022,3673,2569,2280,3171,3327,4393,3074,999,999,1391,1705,389,1258,476,1088,1435,1277,1624,2599,1911,773,2075,1697,1133,,419,472,471,263,863,836,3187,438,407,819,1000,1448,1001,375,,,,
i9,Phage,PL5,5,Infect,P,NA,NA,NA,NA,NA,NA,NA,NA,NA,NA,NA,NA,NA,NA,NA,NA,NA,NA,NA,NA,NA,NA,NA,NA,NA,NA,NA,NA,NA,NA,NA,NA,32,928,4768,3617,2209,2827,1820,3263,6329,2402,2782,3184,2104,2508,2918,3160,2279,1626,1153,3108,3862,2646,2141,2901,2587,4280,2773,1352,1352,1426,1803,543,1192,488,1060,1450,1146,1689,2441,2040,816,2069,1507,1194,,301,878,288,343,322,561,524,332,452,720,864,908,910,408,,,,
i10,Phage,PL5,5,Infect,P,NA,NA,NA,NA,NA,NA,NA,NA,NA,NA,NA,NA,NA,NA,NA,NA,NA,NA,NA,NA,NA,NA,NA,NA,NA,NA,NA,NA,NA,NA,NA,NA,20,864,6489,3499,2091,2806,1874,2707,6065,2746,2992,2722,1889,2614,3163,2909,1984,1676,1136,3030,4004,2311,2324,2998,2551,4432,3048,788,788,1379,1710,497,1166,541,1057,1451,1111,1645,2199,2076,717,2141,1592,1505,,413,774,343,203,638,531,1250,415,451,689,767,1035,1100,410,,,,
fvol,Phage,PL5,5,Infect,P,NA,NA,NA,NA,NA,NA,NA,NA,NA,NA,NA,NA,NA,NA,NA,NA,NA,NA,NA,NA,NA,NA,NA,NA,NA,NA,NA,NA,NA,NA,NA,NA,1500,3500,4500,1500,1100,1100,800,850,800,850,700,650,650,650,650,650,550,700,700,700,600,600,600,600,700,1000,750,700,700,700,700,700,800,800,800,700,600,600,600,500,500,600,600,500,,200,400,400,400,800,800,700,700,700,700,700,700,300,100,,,,
mag,Phage,PL5,5,Infect,P,NA,NA,NA,NA,NA,NA,NA,NA,NA,NA,NA,NA,NA,NA,NA,NA,NA,NA,NA,NA,NA,NA,NA,NA,NA,NA,NA,NA,NA,NA,NA,NA,100,100,100,100,100,100,100,100,100,100,100,100,100,100,100,100,100,100,100,100,100,100,100,100,100,100,100,100,100,100,100,100,100,100,100,100,100,100,100,100,100,100,100,100,,100,100,100,100,100,100,100,100,100,100,100,100,100,100,,,,
pres,Phage,PL5,5,Infect,P,NA,NA,NA,NA,NA,NA,NA,NA,NA,NA,NA,NA,NA,NA,NA,NA,NA,NA,NA,NA,NA,NA,NA,NA,NA,NA,NA,NA,NA,NA,NA,NA,0,0,0,0,0,0,0,0,0,0,0,0,0,0,0,0,0,0,0,0,0,0,0,0,0,0,0,0,0,0,0,0,0,0,0,0,0,0,0,0,0,0,0,0,,0,0,0,0,0,0,0,0,0,0,0,0,0,0,,,,
